film_id,title,description,release_year,language_id,original_language_id,rental_duration,rental_rate,length,replacement_cost,rating,special_features,last_update
1.00,Academy Dinosaur,A Epic Drama of a Feminist And a Mad Scientist who must Battle a Teacher in The Canadian Rockies,2006,1,0,6,0.99,86,21,PG,"Deleted Scenes,Behind the Scenes",2006-02-15 05:03:00
2.00,Ace Goldfinger,A Astounding Epistle of a Database Administrator And a Explorer who must Find a Car in Ancient China,2006,1,0,3,4.99,48,13,G,"Trailers,Deleted Scenes",2006-02-15 05:03:00
3.00,Adaptation Holes,A Astounding Reflection of a Lumberjack And a Car who must Sink a Lumberjack in A Baloon Factory,2006,1,0,7,2.99,50,19,NC-17,"Trailers,Deleted Scenes",2006-02-15 05:03:00
4.00,Affair Prejudice,A Fanciful Documentary of a Frisbee And a Lumberjack who must Chase a Monkey in A Shark Tank,2006,1,0,5,2.99,117,27,G,"Commentaries,Behind the Scenes",2006-02-15 05:03:00
5.00,African Egg,A Fast-Paced Documentary of a Pastry Chef And a Dentist who must Pursue a Forensic Psychologist in The Gulf of Mexico,2006,1,0,6,2.99,130,23,G,Deleted Scenes,2006-02-15 05:03:00
6.00,Agent Truman,A Intrepid Panorama of a Robot And a Boy who must Escape a Sumo Wrestler in Ancient China,2006,1,0,3,2.99,169,18,PG,Deleted Scenes,2006-02-15 05:03:00
7.00,Airplane Sierra,A Touching Saga of a Hunter And a Butler who must Discover a Butler in A Jet Boat,2006,1,0,6,4.99,62,29,PG-13,"Trailers,Deleted Scenes",2006-02-15 05:03:00
8.00,Airport Pollock,A Epic Tale of a Moose And a Girl who must Confront a Monkey in Ancient India,2006,1,0,6,4.99,54,16,R,Trailers,2006-02-15 05:03:00
9.00,Alabama Devil,A Thoughtful Panorama of a Database Administrator And a Mad Scientist who must Outgun a Mad Scientist in A Jet Boat,2006,1,0,3,2.99,114,22,PG-13,"Trailers,Deleted Scenes",2006-02-15 05:03:00
10.00,Aladdin Calendar,A Action-Packed Tale of a Man And a Lumberjack who must Reach a Feminist in Ancient China,2006,1,0,6,4.99,63,25,NC-17,"Trailers,Deleted Scenes",2006-02-15 05:03:00
11.00,Alamo Videotape,A Boring Epistle of a Butler And a Cat who must Fight a Pastry Chef in A MySQL Convention,2006,1,0,6,0.99,126,17,G,"Commentaries,Behind the Scenes",2006-02-15 05:03:00
12.00,Alaska Phantom,A Fanciful Saga of a Hunter And a Pastry Chef who must Vanquish a Boy in Australia,2006,1,0,6,0.99,136,23,PG,"Commentaries,Deleted Scenes",2006-02-15 05:03:00
13.00,Ali Forever,A Action-Packed Drama of a Dentist And a Crocodile who must Battle a Feminist in The Canadian Rockies,2006,1,0,4,4.99,150,22,PG,"Deleted Scenes,Behind the Scenes",2006-02-15 05:03:00
14.00,Alice Fantasia,A Emotional Drama of a A Shark And a Database Administrator who must Vanquish a Pioneer in Soviet Georgia,2006,1,0,6,0.99,94,24,NC-17,"Trailers,Deleted Scenes,Behind the Scenes",2006-02-15 05:03:00
15.00,Alien Center,A Brilliant Drama of a Cat And a Mad Scientist who must Battle a Feminist in A MySQL Convention,2006,1,0,5,2.99,46,11,NC-17,"Trailers,Commentaries,Behind the Scenes",2006-02-15 05:03:00
16.00,Alley Evolution,A Fast-Paced Drama of a Robot And a Composer who must Battle a Astronaut in New Orleans,2006,1,0,6,2.99,180,24,NC-17,"Trailers,Commentaries",2006-02-15 05:03:00
17.00,Alone Trip,A Fast-Paced Character Study of a Composer And a Dog who must Outgun a Boat in An Abandoned Fun House,2006,1,0,3,0.99,82,15,R,"Trailers,Behind the Scenes",2006-02-15 05:03:00
18.00,Alter Victory,A Thoughtful Drama of a Composer And a Feminist who must Meet a Secret Agent in The Canadian Rockies,2006,1,0,6,0.99,57,28,PG-13,"Trailers,Behind the Scenes",2006-02-15 05:03:00
19.00,Amadeus Holy,A Emotional Display of a Pioneer And a Technical Writer who must Battle a Man in A Baloon,2006,1,0,6,0.99,113,21,PG,"Commentaries,Deleted Scenes,Behind the Scenes",2006-02-15 05:03:00
20.00,Amelie Hellfighters,A Boring Drama of a Woman And a Squirrel who must Conquer a Student in A Baloon,2006,1,0,4,4.99,79,24,R,"Commentaries,Deleted Scenes,Behind the Scenes",2006-02-15 05:03:00
21.00,American Circus,A Insightful Drama of a Girl And a Astronaut who must Face a Database Administrator in A Shark Tank,2006,1,0,3,4.99,129,18,R,"Commentaries,Behind the Scenes",2006-02-15 05:03:00
22.00,Amistad Midsummer,A Emotional Character Study of a Dentist And a Crocodile who must Meet a Sumo Wrestler in California,2006,1,0,6,2.99,85,11,G,"Commentaries,Behind the Scenes",2006-02-15 05:03:00
23.00,Anaconda Confessions,A Lacklusture Display of a Dentist And a Dentist who must Fight a Girl in Australia,2006,1,0,3,0.99,92,10,R,"Trailers,Deleted Scenes",2006-02-15 05:03:00
24.00,Analyze Hoosiers,A Thoughtful Display of a Explorer And a Pastry Chef who must Overcome a Feminist in The Sahara Desert,2006,1,0,6,2.99,181,20,R,"Trailers,Behind the Scenes",2006-02-15 05:03:00
25.00,Angels Life,A Thoughtful Display of a Woman And a Astronaut who must Battle a Robot in Berlin,2006,1,0,3,2.99,74,16,G,Trailers,2006-02-15 05:03:00
26.00,Annie Identity,A Amazing Panorama of a Pastry Chef And a Boat who must Escape a Woman in An Abandoned Amusement Park,2006,1,0,3,0.99,86,16,G,"Commentaries,Deleted Scenes",2006-02-15 05:03:00
27.00,Anonymous Human,A Amazing Reflection of a Database Administrator And a Astronaut who must Outrace a Database Administrator in A Shark Tank,2006,1,0,7,0.99,179,13,NC-17,"Deleted Scenes,Behind the Scenes",2006-02-15 05:03:00
28.00,Anthem Luke,A Touching Panorama of a Waitress And a Woman who must Outrace a Dog in An Abandoned Amusement Park,2006,1,0,5,4.99,91,17,PG-13,"Deleted Scenes,Behind the Scenes",2006-02-15 05:03:00
29.00,Antitrust Tomatoes,A Fateful Yarn of a Womanizer And a Feminist who must Succumb a Database Administrator in Ancient India,2006,1,0,5,2.99,168,12,NC-17,"Trailers,Commentaries,Deleted Scenes",2006-02-15 05:03:00
30.00,Anything Savannah,A Epic Story of a Pastry Chef And a Woman who must Chase a Feminist in An Abandoned Fun House,2006,1,0,4,2.99,82,28,R,"Trailers,Deleted Scenes,Behind the Scenes",2006-02-15 05:03:00
31.00,Apache Divine,A Awe-Inspiring Reflection of a Pastry Chef And a Teacher who must Overcome a Sumo Wrestler in A U-Boat,2006,1,0,5,4.99,92,17,NC-17,"Commentaries,Deleted Scenes,Behind the Scenes",2006-02-15 05:03:00
32.00,Apocalypse Flamingos,A Astounding Story of a Dog And a Squirrel who must Defeat a Woman in An Abandoned Amusement Park,2006,1,0,6,4.99,119,12,R,"Trailers,Commentaries",2006-02-15 05:03:00
33.00,Apollo Teen,A Action-Packed Reflection of a Crocodile And a Explorer who must Find a Sumo Wrestler in An Abandoned Mine Shaft,2006,1,0,5,2.99,153,16,PG-13,"Trailers,Commentaries,Deleted Scenes,Behind the Scenes",2006-02-15 05:03:00
34.00,Arabia Dogma,A Touching Epistle of a Madman And a Mad Cow who must Defeat a Student in Nigeria,2006,1,0,6,0.99,62,30,NC-17,"Commentaries,Deleted Scenes",2006-02-15 05:03:00
35.00,Arachnophobia Rollercoaster,A Action-Packed Reflection of a Pastry Chef And a Composer who must Discover a Mad Scientist in The First Manned Space Station,2006,1,0,4,2.99,147,25,PG-13,"Trailers,Deleted Scenes,Behind the Scenes",2006-02-15 05:03:00
36.00,Argonauts Town,A Emotional Epistle of a Forensic Psychologist And a Butler who must Challenge a Waitress in An Abandoned Mine Shaft,2006,1,0,7,0.99,127,13,PG-13,"Trailers,Commentaries",2006-02-15 05:03:00
37.00,Arizona Bang,A Brilliant Panorama of a Mad Scientist And a Mad Cow who must Meet a Pioneer in A Monastery,2006,1,0,3,2.99,121,29,PG,"Trailers,Deleted Scenes",2006-02-15 05:03:00
38.00,Ark Ridgemont,A Beautiful Yarn of a Pioneer And a Monkey who must Pursue a Explorer in The Sahara Desert,2006,1,0,6,0.99,68,26,NC-17,"Trailers,Commentaries,Deleted Scenes,Behind the Scenes",2006-02-15 05:03:00
39.00,Armageddon Lost,A Fast-Paced Tale of a Boat And a Teacher who must Succumb a Composer in An Abandoned Mine Shaft,2006,1,0,5,0.99,99,11,G,Trailers,2006-02-15 05:03:00
40.00,Army Flintstones,A Boring Saga of a Database Administrator And a Womanizer who must Battle a Waitress in Nigeria,2006,1,0,4,0.99,148,23,R,"Trailers,Commentaries",2006-02-15 05:03:00
41.00,Arsenic Independence,A Fanciful Documentary of a Mad Cow And a Womanizer who must Find a Dentist in Berlin,2006,1,0,4,0.99,137,18,PG,"Trailers,Deleted Scenes,Behind the Scenes",2006-02-15 05:03:00
42.00,Artist Coldblooded,A Stunning Reflection of a Robot And a Moose who must Challenge a Woman in California,2006,1,0,5,2.99,170,11,NC-17,"Trailers,Behind the Scenes",2006-02-15 05:03:00
43.00,Atlantis Cause,A Thrilling Yarn of a Feminist And a Hunter who must Fight a Technical Writer in A Shark Tank,2006,1,0,6,2.99,170,16,G,Behind the Scenes,2006-02-15 05:03:00
44.00,Attacks Hate,A Fast-Paced Panorama of a Technical Writer And a Mad Scientist who must Find a Feminist in An Abandoned Mine Shaft,2006,1,0,5,4.99,113,22,PG-13,"Trailers,Behind the Scenes",2006-02-15 05:03:00
45.00,Attraction Newton,A Astounding Panorama of a Composer And a Frisbee who must Reach a Husband in Ancient Japan,2006,1,0,5,4.99,83,15,PG-13,"Trailers,Behind the Scenes",2006-02-15 05:03:00
46.00,Autumn Crow,A Beautiful Tale of a Dentist And a Mad Cow who must Battle a Moose in The Sahara Desert,2006,1,0,3,4.99,108,14,G,"Trailers,Commentaries,Deleted Scenes,Behind the Scenes",2006-02-15 05:03:00
47.00,Baby Hall,A Boring Character Study of a A Shark And a Girl who must Outrace a Feminist in An Abandoned Mine Shaft,2006,1,0,5,4.99,153,24,NC-17,Commentaries,2006-02-15 05:03:00
48.00,Backlash Undefeated,A Stunning Character Study of a Mad Scientist And a Mad Cow who must Kill a Car in A Monastery,2006,1,0,3,4.99,118,25,PG-13,"Trailers,Behind the Scenes",2006-02-15 05:03:00
49.00,Badman Dawn,A Emotional Panorama of a Pioneer And a Composer who must Escape a Mad Scientist in A Jet Boat,2006,1,0,6,2.99,162,23,R,"Trailers,Commentaries,Behind the Scenes",2006-02-15 05:03:00
50.00,Baked Cleopatra,A Stunning Drama of a Forensic Psychologist And a Husband who must Overcome a Waitress in A Monastery,2006,1,0,3,2.99,182,21,G,"Commentaries,Behind the Scenes",2006-02-15 05:03:00
51.00,Balloon Homeward,A Insightful Panorama of a Forensic Psychologist And a Mad Cow who must Build a Mad Scientist in The First Manned Space Station,2006,1,0,5,2.99,75,11,NC-17,Deleted Scenes,2006-02-15 05:03:00
52.00,Ballroom Mockingbird,A Thrilling Documentary of a Composer And a Monkey who must Find a Feminist in California,2006,1,0,6,0.99,173,30,G,"Commentaries,Deleted Scenes",2006-02-15 05:03:00
53.00,Bang Kwai,A Epic Drama of a Madman And a Cat who must Face a A Shark in An Abandoned Amusement Park,2006,1,0,5,2.99,87,26,NC-17,"Commentaries,Deleted Scenes,Behind the Scenes",2006-02-15 05:03:00
54.00,Banger Pinocchio,A Awe-Inspiring Drama of a Car And a Pastry Chef who must Chase a Crocodile in The First Manned Space Station,2006,1,0,5,0.99,113,16,R,"Trailers,Commentaries,Deleted Scenes",2006-02-15 05:03:00
55.00,Barbarella Streetcar,A Awe-Inspiring Story of a Feminist And a Cat who must Conquer a Dog in A Monastery,2006,1,0,6,2.99,65,28,G,Behind the Scenes,2006-02-15 05:03:00
56.00,Barefoot Manchurian,A Intrepid Story of a Cat And a Student who must Vanquish a Girl in An Abandoned Amusement Park,2006,1,0,6,2.99,129,16,G,"Trailers,Commentaries",2006-02-15 05:03:00
57.00,Basic Easy,A Stunning Epistle of a Man And a Husband who must Reach a Mad Scientist in A Jet Boat,2006,1,0,4,2.99,90,19,PG-13,Deleted Scenes,2006-02-15 05:03:00
58.00,Beach Heartbreakers,A Fateful Display of a Womanizer And a Mad Scientist who must Outgun a A Shark in Soviet Georgia,2006,1,0,6,2.99,122,17,G,"Deleted Scenes,Behind the Scenes",2006-02-15 05:03:00
59.00,Bear Graceland,A Astounding Saga of a Dog And a Boy who must Kill a Teacher in The First Manned Space Station,2006,1,0,4,2.99,160,21,R,Deleted Scenes,2006-02-15 05:03:00
60.00,Beast Hunchback,A Awe-Inspiring Epistle of a Student And a Squirrel who must Defeat a Boy in Ancient China,2006,1,0,3,4.99,89,23,R,"Deleted Scenes,Behind the Scenes",2006-02-15 05:03:00
61.00,Beauty Grease,A Fast-Paced Display of a Composer And a Moose who must Sink a Robot in An Abandoned Mine Shaft,2006,1,0,5,4.99,175,29,G,"Trailers,Commentaries",2006-02-15 05:03:00
62.00,Bed Highball,A Astounding Panorama of a Lumberjack And a Dog who must Redeem a Woman in An Abandoned Fun House,2006,1,0,5,2.99,106,24,NC-17,"Trailers,Commentaries,Deleted Scenes",2006-02-15 05:03:00
63.00,Bedazzled Married,A Astounding Character Study of a Madman And a Robot who must Meet a Mad Scientist in An Abandoned Fun House,2006,1,0,6,0.99,73,22,PG,"Trailers,Deleted Scenes,Behind the Scenes",2006-02-15 05:03:00
64.00,Beethoven Exorcist,A Epic Display of a Pioneer And a Student who must Challenge a Butler in The Gulf of Mexico,2006,1,0,6,0.99,151,27,PG-13,"Commentaries,Behind the Scenes",2006-02-15 05:03:00
65.00,Behavior Runaway,A Unbelieveable Drama of a Student And a Husband who must Outrace a Sumo Wrestler in Berlin,2006,1,0,3,4.99,100,21,PG,"Trailers,Deleted Scenes,Behind the Scenes",2006-02-15 05:03:00
66.00,Beneath Rush,A Astounding Panorama of a Man And a Monkey who must Discover a Man in The First Manned Space Station,2006,1,0,6,0.99,53,28,NC-17,"Commentaries,Deleted Scenes",2006-02-15 05:03:00
67.00,Berets Agent,A Taut Saga of a Crocodile And a Boy who must Overcome a Technical Writer in Ancient China,2006,1,0,5,2.99,77,25,PG-13,Deleted Scenes,2006-02-15 05:03:00
68.00,Betrayed Rear,A Emotional Character Study of a Boat And a Pioneer who must Find a Explorer in A Shark Tank,2006,1,0,5,4.99,122,27,NC-17,"Commentaries,Deleted Scenes,Behind the Scenes",2006-02-15 05:03:00
69.00,Beverly Outlaw,A Fanciful Documentary of a Womanizer And a Boat who must Defeat a Madman in The First Manned Space Station,2006,1,0,3,2.99,85,22,R,Trailers,2006-02-15 05:03:00
70.00,Bikini Borrowers,A Astounding Drama of a Astronaut And a Cat who must Discover a Woman in The First Manned Space Station,2006,1,0,7,4.99,142,27,NC-17,"Commentaries,Deleted Scenes",2006-02-15 05:03:00
71.00,Bilko Anonymous,A Emotional Reflection of a Teacher And a Man who must Meet a Cat in The First Manned Space Station,2006,1,0,3,4.99,100,26,PG-13,"Commentaries,Deleted Scenes,Behind the Scenes",2006-02-15 05:03:00
72.00,Bill Others,A Stunning Saga of a Mad Scientist And a Forensic Psychologist who must Challenge a Squirrel in A MySQL Convention,2006,1,0,6,2.99,93,13,PG,"Trailers,Commentaries",2006-02-15 05:03:00
73.00,Bingo Talented,A Touching Tale of a Girl And a Crocodile who must Discover a Waitress in Nigeria,2006,1,0,5,2.99,150,23,PG-13,"Trailers,Commentaries",2006-02-15 05:03:00
74.00,Birch Antitrust,A Fanciful Panorama of a Husband And a Pioneer who must Outgun a Dog in A Baloon,2006,1,0,4,4.99,162,19,PG,"Trailers,Commentaries,Deleted Scenes",2006-02-15 05:03:00
75.00,Bird Independence,A Thrilling Documentary of a Car And a Student who must Sink a Hunter in The Canadian Rockies,2006,1,0,6,4.99,163,15,G,"Commentaries,Behind the Scenes",2006-02-15 05:03:00
76.00,Birdcage Casper,A Fast-Paced Saga of a Frisbee And a Astronaut who must Overcome a Feminist in Ancient India,2006,1,0,4,0.99,103,24,NC-17,"Commentaries,Deleted Scenes,Behind the Scenes",2006-02-15 05:03:00
77.00,Birds Perdition,A Boring Story of a Womanizer And a Pioneer who must Face a Dog in California,2006,1,0,5,4.99,61,16,G,"Trailers,Behind the Scenes",2006-02-15 05:03:00
78.00,Blackout Private,A Intrepid Yarn of a Pastry Chef And a Mad Scientist who must Challenge a Secret Agent in Ancient Japan,2006,1,0,7,2.99,85,13,PG,"Trailers,Deleted Scenes",2006-02-15 05:03:00
79.00,Blade Polish,A Thoughtful Character Study of a Frisbee And a Pastry Chef who must Fight a Dentist in The First Manned Space Station,2006,1,0,5,0.99,114,11,PG-13,"Trailers,Behind the Scenes",2006-02-15 05:03:00
80.00,Blanket Beverly,A Emotional Documentary of a Student And a Girl who must Build a Boat in Nigeria,2006,1,0,7,2.99,148,22,G,Trailers,2006-02-15 05:03:00
81.00,Blindness Gun,A Touching Drama of a Robot And a Dentist who must Meet a Hunter in A Jet Boat,2006,1,0,6,4.99,103,30,PG-13,"Trailers,Behind the Scenes",2006-02-15 05:03:00
82.00,Blood Argonauts,A Boring Drama of a Explorer And a Man who must Kill a Lumberjack in A Manhattan Penthouse,2006,1,0,3,0.99,71,14,G,"Trailers,Commentaries,Behind the Scenes",2006-02-15 05:03:00
83.00,Blues Instinct,A Insightful Documentary of a Boat And a Composer who must Meet a Forensic Psychologist in An Abandoned Fun House,2006,1,0,5,2.99,50,19,G,"Trailers,Deleted Scenes,Behind the Scenes",2006-02-15 05:03:00
84.00,Boiled Dares,A Awe-Inspiring Story of a Waitress And a Dog who must Discover a Dentist in Ancient Japan,2006,1,0,7,4.99,102,14,PG,"Trailers,Commentaries",2006-02-15 05:03:00
85.00,Bonnie Holocaust,A Fast-Paced Story of a Crocodile And a Robot who must Find a Moose in Ancient Japan,2006,1,0,4,0.99,63,30,G,Deleted Scenes,2006-02-15 05:03:00
86.00,Boogie Amelie,A Lacklusture Character Study of a Husband And a Sumo Wrestler who must Succumb a Technical Writer in The Gulf of Mexico,2006,1,0,6,4.99,121,12,R,"Commentaries,Behind the Scenes",2006-02-15 05:03:00
87.00,Boondock Ballroom,A Fateful Panorama of a Crocodile And a Boy who must Defeat a Monkey in The Gulf of Mexico,2006,1,0,7,0.99,76,15,NC-17,Behind the Scenes,2006-02-15 05:03:00
88.00,Born Spinal,A Touching Epistle of a Frisbee And a Husband who must Pursue a Student in Nigeria,2006,1,0,7,4.99,179,18,PG,"Trailers,Commentaries,Deleted Scenes",2006-02-15 05:03:00
89.00,Borrowers Bedazzled,A Brilliant Epistle of a Teacher And a Sumo Wrestler who must Defeat a Man in An Abandoned Fun House,2006,1,0,7,0.99,63,23,G,"Commentaries,Deleted Scenes,Behind the Scenes",2006-02-15 05:03:00
90.00,Boulevard Mob,A Fateful Epistle of a Moose And a Monkey who must Confront a Lumberjack in Ancient China,2006,1,0,3,0.99,63,12,R,Trailers,2006-02-15 05:03:00
91.00,Bound Cheaper,A Thrilling Panorama of a Database Administrator And a Astronaut who must Challenge a Lumberjack in A Baloon,2006,1,0,5,0.99,98,18,PG,Behind the Scenes,2006-02-15 05:03:00
92.00,Bowfinger Gables,A Fast-Paced Yarn of a Waitress And a Composer who must Outgun a Dentist in California,2006,1,0,7,4.99,72,20,NC-17,"Trailers,Deleted Scenes",2006-02-15 05:03:00
93.00,Brannigan Sunrise,A Amazing Epistle of a Moose And a Crocodile who must Outrace a Dog in Berlin,2006,1,0,4,4.99,121,28,PG,Trailers,2006-02-15 05:03:00
94.00,Braveheart Human,A Insightful Story of a Dog And a Pastry Chef who must Battle a Girl in Berlin,2006,1,0,7,2.99,176,15,PG-13,"Trailers,Deleted Scenes",2006-02-15 05:03:00
95.00,Breakfast Goldfinger,A Beautiful Reflection of a Student And a Student who must Fight a Moose in Berlin,2006,1,0,5,4.99,123,19,G,"Trailers,Commentaries,Deleted Scenes",2006-02-15 05:03:00
96.00,Breaking Home,A Beautiful Display of a Secret Agent And a Monkey who must Battle a Sumo Wrestler in An Abandoned Mine Shaft,2006,1,0,4,2.99,169,22,PG-13,"Trailers,Commentaries",2006-02-15 05:03:00
97.00,Bride Intrigue,A Epic Tale of a Robot And a Monkey who must Vanquish a Man in New Orleans,2006,1,0,7,0.99,56,25,G,"Trailers,Commentaries,Behind the Scenes",2006-02-15 05:03:00
98.00,Bright Encounters,A Fateful Yarn of a Lumberjack And a Feminist who must Conquer a Student in A Jet Boat,2006,1,0,4,4.99,73,13,PG-13,Trailers,2006-02-15 05:03:00
99.00,Bringing Hysterical,A Fateful Saga of a A Shark And a Technical Writer who must Find a Woman in A Jet Boat,2006,1,0,7,2.99,136,15,PG,Trailers,2006-02-15 05:03:00
100.00,Brooklyn Desert,A Beautiful Drama of a Dentist And a Composer who must Battle a Sumo Wrestler in The First Manned Space Station,2006,1,0,7,4.99,161,22,R,Commentaries,2006-02-15 05:03:00
101.00,Brotherhood Blanket,A Fateful Character Study of a Butler And a Technical Writer who must Sink a Astronaut in Ancient Japan,2006,1,0,3,0.99,73,27,R,Behind the Scenes,2006-02-15 05:03:00
102.00,Bubble Grosse,A Awe-Inspiring Panorama of a Crocodile And a Moose who must Confront a Girl in A Baloon,2006,1,0,4,4.99,60,21,R,"Trailers,Commentaries,Deleted Scenes,Behind the Scenes",2006-02-15 05:03:00
103.00,Bucket Brotherhood,A Amazing Display of a Girl And a Womanizer who must Succumb a Lumberjack in A Baloon Factory,2006,1,0,7,4.99,133,28,PG,"Commentaries,Deleted Scenes",2006-02-15 05:03:00
104.00,Bugsy Song,A Awe-Inspiring Character Study of a Secret Agent And a Boat who must Find a Squirrel in The First Manned Space Station,2006,1,0,4,2.99,119,18,G,Commentaries,2006-02-15 05:03:00
105.00,Bull Shawshank,A Fanciful Drama of a Moose And a Squirrel who must Conquer a Pioneer in The Canadian Rockies,2006,1,0,6,0.99,125,22,NC-17,Deleted Scenes,2006-02-15 05:03:00
106.00,Bulworth Commandments,A Amazing Display of a Mad Cow And a Pioneer who must Redeem a Sumo Wrestler in The Outback,2006,1,0,4,2.99,61,15,G,Trailers,2006-02-15 05:03:00
107.00,Bunch Minds,A Emotional Story of a Feminist And a Feminist who must Escape a Pastry Chef in A MySQL Convention,2006,1,0,4,2.99,63,14,G,Behind the Scenes,2006-02-15 05:03:00
108.00,Butch Panther,A Lacklusture Yarn of a Feminist And a Database Administrator who must Face a Hunter in New Orleans,2006,1,0,6,0.99,67,20,PG-13,"Trailers,Commentaries,Deleted Scenes",2006-02-15 05:03:00
109.00,Butterfly Chocolat,A Fateful Story of a Girl And a Composer who must Conquer a Husband in A Shark Tank,2006,1,0,3,0.99,89,18,G,Behind the Scenes,2006-02-15 05:03:00
110.00,Cabin Flash,A Stunning Epistle of a Boat And a Man who must Challenge a A Shark in A Baloon Factory,2006,1,0,4,0.99,53,26,NC-17,"Commentaries,Deleted Scenes",2006-02-15 05:03:00
111.00,Caddyshack Jedi,A Awe-Inspiring Epistle of a Woman And a Madman who must Fight a Robot in Soviet Georgia,2006,1,0,3,0.99,52,18,NC-17,"Commentaries,Deleted Scenes",2006-02-15 05:03:00
112.00,Calendar Gunfight,A Thrilling Drama of a Frisbee And a Lumberjack who must Sink a Man in Nigeria,2006,1,0,4,4.99,120,23,NC-17,"Trailers,Commentaries,Behind the Scenes",2006-02-15 05:03:00
113.00,California Birds,A Thrilling Yarn of a Database Administrator And a Robot who must Battle a Database Administrator in Ancient India,2006,1,0,4,4.99,75,20,NC-17,"Trailers,Commentaries,Deleted Scenes",2006-02-15 05:03:00
114.00,Camelot Vacation,A Touching Character Study of a Woman And a Waitress who must Battle a Pastry Chef in A MySQL Convention,2006,1,0,3,0.99,61,27,NC-17,"Trailers,Commentaries,Deleted Scenes,Behind the Scenes",2006-02-15 05:03:00
115.00,Campus Remember,A Astounding Drama of a Crocodile And a Mad Cow who must Build a Robot in A Jet Boat,2006,1,0,5,2.99,167,28,R,Behind the Scenes,2006-02-15 05:03:00
116.00,Candidate Perdition,A Brilliant Epistle of a Composer And a Database Administrator who must Vanquish a Mad Scientist in The First Manned Space Station,2006,1,0,4,2.99,70,11,R,"Deleted Scenes,Behind the Scenes",2006-02-15 05:03:00
117.00,Candles Grapes,A Fanciful Character Study of a Monkey And a Explorer who must Build a Astronaut in An Abandoned Fun House,2006,1,0,6,4.99,135,16,NC-17,"Trailers,Deleted Scenes",2006-02-15 05:03:00
118.00,Canyon Stock,A Thoughtful Reflection of a Waitress And a Feminist who must Escape a Squirrel in A Manhattan Penthouse,2006,1,0,7,0.99,85,27,R,"Trailers,Deleted Scenes",2006-02-15 05:03:00
119.00,Caper Motions,A Fateful Saga of a Moose And a Car who must Pursue a Woman in A MySQL Convention,2006,1,0,6,0.99,176,23,G,"Trailers,Commentaries,Deleted Scenes",2006-02-15 05:03:00
120.00,Caribbean Liberty,A Fanciful Tale of a Pioneer And a Technical Writer who must Outgun a Pioneer in A Shark Tank,2006,1,0,3,4.99,92,17,NC-17,"Commentaries,Deleted Scenes",2006-02-15 05:03:00
121.00,Carol Texas,A Astounding Character Study of a Composer And a Student who must Overcome a Composer in A Monastery,2006,1,0,4,2.99,151,16,PG,"Trailers,Behind the Scenes",2006-02-15 05:03:00
122.00,Carrie Bunch,A Amazing Epistle of a Student And a Astronaut who must Discover a Frisbee in The Canadian Rockies,2006,1,0,7,0.99,114,12,PG,"Trailers,Commentaries,Behind the Scenes",2006-02-15 05:03:00
123.00,Casablanca Super,A Amazing Panorama of a Crocodile And a Forensic Psychologist who must Pursue a Secret Agent in The First Manned Space Station,2006,1,0,6,4.99,85,23,G,"Trailers,Deleted Scenes,Behind the Scenes",2006-02-15 05:03:00
124.00,Casper Dragonfly,A Intrepid Documentary of a Boat And a Crocodile who must Chase a Robot in The Sahara Desert,2006,1,0,3,4.99,163,17,PG-13,Trailers,2006-02-15 05:03:00
125.00,Cassidy Wyoming,A Intrepid Drama of a Frisbee And a Hunter who must Kill a Secret Agent in New Orleans,2006,1,0,5,2.99,61,20,NC-17,"Commentaries,Behind the Scenes",2006-02-15 05:03:00
126.00,Casualties Encino,A Insightful Yarn of a A Shark And a Pastry Chef who must Face a Boy in A Monastery,2006,1,0,3,4.99,179,17,G,Trailers,2006-02-15 05:03:00
127.00,Cat Coneheads,A Fast-Paced Panorama of a Girl And a A Shark who must Confront a Boy in Ancient India,2006,1,0,5,4.99,112,15,G,"Commentaries,Deleted Scenes",2006-02-15 05:03:00
128.00,Catch Amistad,A Boring Reflection of a Lumberjack And a Feminist who must Discover a Woman in Nigeria,2006,1,0,7,0.99,183,11,G,"Trailers,Behind the Scenes",2006-02-15 05:03:00
129.00,Cause Date,A Taut Tale of a Explorer And a Pastry Chef who must Conquer a Hunter in A MySQL Convention,2006,1,0,3,2.99,179,17,R,"Commentaries,Deleted Scenes,Behind the Scenes",2006-02-15 05:03:00
130.00,Celebrity Horn,A Amazing Documentary of a Secret Agent And a Astronaut who must Vanquish a Hunter in A Shark Tank,2006,1,0,7,0.99,110,25,PG-13,"Deleted Scenes,Behind the Scenes",2006-02-15 05:03:00
131.00,Center Dinosaur,A Beautiful Character Study of a Sumo Wrestler And a Dentist who must Find a Dog in California,2006,1,0,5,4.99,152,13,PG,Deleted Scenes,2006-02-15 05:03:00
132.00,Chainsaw Uptown,A Beautiful Documentary of a Boy And a Robot who must Discover a Squirrel in Australia,2006,1,0,6,0.99,114,26,PG,"Deleted Scenes,Behind the Scenes",2006-02-15 05:03:00
133.00,Chamber Italian,A Fateful Reflection of a Moose And a Husband who must Overcome a Monkey in Nigeria,2006,1,0,7,4.99,117,15,NC-17,Trailers,2006-02-15 05:03:00
134.00,Champion Flatliners,A Amazing Story of a Mad Cow And a Dog who must Kill a Husband in A Monastery,2006,1,0,4,4.99,51,22,PG,Trailers,2006-02-15 05:03:00
135.00,Chance Resurrection,A Astounding Story of a Forensic Psychologist And a Forensic Psychologist who must Overcome a Moose in Ancient China,2006,1,0,3,2.99,70,23,R,"Commentaries,Deleted Scenes,Behind the Scenes",2006-02-15 05:03:00
136.00,Chaplin License,A Boring Drama of a Dog And a Forensic Psychologist who must Outrace a Explorer in Ancient India,2006,1,0,7,2.99,146,27,NC-17,Behind the Scenes,2006-02-15 05:03:00
137.00,Charade Duffel,A Action-Packed Display of a Man And a Waitress who must Build a Dog in A MySQL Convention,2006,1,0,3,2.99,66,22,PG,"Trailers,Deleted Scenes,Behind the Scenes",2006-02-15 05:03:00
138.00,Chariots Conspiracy,A Unbelieveable Epistle of a Robot And a Husband who must Chase a Robot in The First Manned Space Station,2006,1,0,5,2.99,71,30,R,"Deleted Scenes,Behind the Scenes",2006-02-15 05:03:00
139.00,Chasing Fight,A Astounding Saga of a Technical Writer And a Butler who must Battle a Butler in A Shark Tank,2006,1,0,7,4.99,114,22,PG,"Trailers,Commentaries",2006-02-15 05:03:00
140.00,Cheaper Clyde,A Emotional Character Study of a Pioneer And a Girl who must Discover a Dog in Ancient Japan,2006,1,0,6,0.99,87,24,G,"Trailers,Commentaries,Behind the Scenes",2006-02-15 05:03:00
141.00,Chicago North,A Fateful Yarn of a Mad Cow And a Waitress who must Battle a Student in California,2006,1,0,6,4.99,185,12,PG-13,"Deleted Scenes,Behind the Scenes",2006-02-15 05:03:00
142.00,Chicken Hellfighters,A Emotional Drama of a Dog And a Explorer who must Outrace a Technical Writer in Australia,2006,1,0,3,0.99,122,25,PG,"Trailers,Commentaries,Deleted Scenes,Behind the Scenes",2006-02-15 05:03:00
143.00,Chill Luck,A Lacklusture Epistle of a Boat And a Technical Writer who must Fight a A Shark in The Canadian Rockies,2006,1,0,6,0.99,142,18,PG,"Trailers,Commentaries,Deleted Scenes",2006-02-15 05:03:00
144.00,Chinatown Gladiator,A Brilliant Panorama of a Technical Writer And a Lumberjack who must Escape a Butler in Ancient India,2006,1,0,7,4.99,61,25,PG,"Trailers,Commentaries,Deleted Scenes",2006-02-15 05:03:00
145.00,Chisum Behavior,A Epic Documentary of a Sumo Wrestler And a Butler who must Kill a Car in Ancient India,2006,1,0,5,4.99,124,26,G,"Trailers,Commentaries,Behind the Scenes",2006-02-15 05:03:00
146.00,Chitty Lock,A Boring Epistle of a Boat And a Database Administrator who must Kill a Sumo Wrestler in The First Manned Space Station,2006,1,0,6,2.99,107,25,G,Commentaries,2006-02-15 05:03:00
147.00,Chocolat Harry,A Action-Packed Epistle of a Dentist And a Moose who must Meet a Mad Cow in Ancient Japan,2006,1,0,5,0.99,101,17,NC-17,"Commentaries,Behind the Scenes",2006-02-15 05:03:00
148.00,Chocolate Duck,A Unbelieveable Story of a Mad Scientist And a Technical Writer who must Discover a Composer in Ancient China,2006,1,0,3,2.99,132,14,R,"Trailers,Commentaries,Behind the Scenes",2006-02-15 05:03:00
149.00,Christmas Moonshine,A Action-Packed Epistle of a Feminist And a Astronaut who must Conquer a Boat in A Manhattan Penthouse,2006,1,0,7,0.99,150,22,NC-17,"Trailers,Commentaries,Behind the Scenes",2006-02-15 05:03:00
150.00,Cider Desire,A Stunning Character Study of a Composer And a Mad Cow who must Succumb a Cat in Soviet Georgia,2006,1,0,7,2.99,101,10,PG,Behind the Scenes,2006-02-15 05:03:00
151.00,Cincinatti Whisperer,A Brilliant Saga of a Pastry Chef And a Hunter who must Confront a Butler in Berlin,2006,1,0,5,4.99,143,27,NC-17,Deleted Scenes,2006-02-15 05:03:00
152.00,Circus Youth,A Thoughtful Drama of a Pastry Chef And a Dentist who must Pursue a Girl in A Baloon,2006,1,0,5,2.99,90,14,PG-13,"Trailers,Deleted Scenes,Behind the Scenes",2006-02-15 05:03:00
153.00,Citizen Shrek,A Fanciful Character Study of a Technical Writer And a Husband who must Redeem a Robot in The Outback,2006,1,0,7,0.99,165,19,G,"Commentaries,Deleted Scenes",2006-02-15 05:03:00
154.00,Clash Freddy,A Amazing Yarn of a Composer And a Squirrel who must Escape a Astronaut in Australia,2006,1,0,6,2.99,81,13,G,"Commentaries,Deleted Scenes",2006-02-15 05:03:00
155.00,Cleopatra Devil,A Fanciful Documentary of a Crocodile And a Technical Writer who must Fight a A Shark in A Baloon,2006,1,0,6,0.99,150,27,PG-13,"Trailers,Deleted Scenes,Behind the Scenes",2006-02-15 05:03:00
156.00,Clerks Angels,A Thrilling Display of a Sumo Wrestler And a Girl who must Confront a Man in A Baloon,2006,1,0,3,4.99,164,16,G,Commentaries,2006-02-15 05:03:00
157.00,Clockwork Paradise,A Insightful Documentary of a Technical Writer And a Feminist who must Challenge a Cat in A Baloon,2006,1,0,7,0.99,143,30,PG-13,"Trailers,Commentaries,Deleted Scenes,Behind the Scenes",2006-02-15 05:03:00
158.00,Clones Pinocchio,A Amazing Drama of a Car And a Robot who must Pursue a Dentist in New Orleans,2006,1,0,6,2.99,124,17,R,Behind the Scenes,2006-02-15 05:03:00
159.00,Closer Bang,A Unbelieveable Panorama of a Frisbee And a Hunter who must Vanquish a Monkey in Ancient India,2006,1,0,5,4.99,58,13,R,"Trailers,Behind the Scenes",2006-02-15 05:03:00
160.00,Club Graffiti,A Epic Tale of a Pioneer And a Hunter who must Escape a Girl in A U-Boat,2006,1,0,4,0.99,65,13,PG-13,"Trailers,Deleted Scenes",2006-02-15 05:03:00
161.00,Clue Grail,A Taut Tale of a Butler And a Mad Scientist who must Build a Crocodile in Ancient China,2006,1,0,6,4.99,70,28,NC-17,"Trailers,Commentaries,Behind the Scenes",2006-02-15 05:03:00
162.00,Clueless Bucket,A Taut Tale of a Car And a Pioneer who must Conquer a Sumo Wrestler in An Abandoned Fun House,2006,1,0,4,2.99,95,14,R,"Trailers,Deleted Scenes,Behind the Scenes",2006-02-15 05:03:00
163.00,Clyde Theory,A Beautiful Yarn of a Astronaut And a Frisbee who must Overcome a Explorer in A Jet Boat,2006,1,0,4,0.99,139,30,PG-13,"Commentaries,Deleted Scenes,Behind the Scenes",2006-02-15 05:03:00
164.00,Coast Rainbow,A Astounding Documentary of a Mad Cow And a Pioneer who must Challenge a Butler in The Sahara Desert,2006,1,0,4,0.99,55,21,PG,"Trailers,Commentaries,Deleted Scenes,Behind the Scenes",2006-02-15 05:03:00
165.00,Coldblooded Darling,A Brilliant Panorama of a Dentist And a Moose who must Find a Student in The Gulf of Mexico,2006,1,0,7,4.99,70,28,G,"Trailers,Deleted Scenes",2006-02-15 05:03:00
166.00,Color Philadelphia,A Thoughtful Panorama of a Car And a Crocodile who must Sink a Monkey in The Sahara Desert,2006,1,0,6,2.99,149,20,G,"Commentaries,Behind the Scenes",2006-02-15 05:03:00
167.00,Coma Head,A Awe-Inspiring Drama of a Boy And a Frisbee who must Escape a Pastry Chef in California,2006,1,0,6,4.99,109,11,NC-17,Commentaries,2006-02-15 05:03:00
168.00,Comancheros Enemy,A Boring Saga of a Lumberjack And a Monkey who must Find a Monkey in The Gulf of Mexico,2006,1,0,5,0.99,67,24,R,"Trailers,Behind the Scenes",2006-02-15 05:03:00
169.00,Comforts Rush,A Unbelieveable Panorama of a Pioneer And a Husband who must Meet a Mad Cow in An Abandoned Mine Shaft,2006,1,0,3,2.99,76,20,NC-17,"Commentaries,Behind the Scenes",2006-02-15 05:03:00
170.00,Command Darling,A Awe-Inspiring Tale of a Forensic Psychologist And a Woman who must Challenge a Database Administrator in Ancient Japan,2006,1,0,5,4.99,120,29,PG-13,Behind the Scenes,2006-02-15 05:03:00
171.00,Commandments Express,A Fanciful Saga of a Student And a Mad Scientist who must Battle a Hunter in An Abandoned Mine Shaft,2006,1,0,6,4.99,59,14,R,"Trailers,Commentaries,Deleted Scenes",2006-02-15 05:03:00
172.00,Coneheads Smoochy,A Touching Story of a Womanizer And a Composer who must Pursue a Husband in Nigeria,2006,1,0,7,4.99,112,13,NC-17,"Deleted Scenes,Behind the Scenes",2006-02-15 05:03:00
173.00,Confessions Maguire,A Insightful Story of a Car And a Boy who must Battle a Technical Writer in A Baloon,2006,1,0,7,4.99,65,26,PG-13,Behind the Scenes,2006-02-15 05:03:00
174.00,Confidential Interview,A Stunning Reflection of a Cat And a Woman who must Find a Astronaut in Ancient Japan,2006,1,0,6,4.99,180,14,NC-17,Commentaries,2006-02-15 05:03:00
175.00,Confused Candles,A Stunning Epistle of a Cat And a Forensic Psychologist who must Confront a Pioneer in A Baloon,2006,1,0,3,2.99,122,28,PG-13,"Trailers,Commentaries,Deleted Scenes,Behind the Scenes",2006-02-15 05:03:00
176.00,Congeniality Quest,A Touching Documentary of a Cat And a Pastry Chef who must Find a Lumberjack in A Baloon,2006,1,0,6,0.99,87,22,PG-13,"Commentaries,Behind the Scenes",2006-02-15 05:03:00
177.00,Connecticut Tramp,A Unbelieveable Drama of a Crocodile And a Mad Cow who must Reach a Dentist in A Shark Tank,2006,1,0,4,4.99,172,21,R,"Commentaries,Deleted Scenes",2006-02-15 05:03:00
178.00,Connection Microcosmos,A Fateful Documentary of a Crocodile And a Husband who must Face a Husband in The First Manned Space Station,2006,1,0,6,0.99,115,26,G,"Deleted Scenes,Behind the Scenes",2006-02-15 05:03:00
179.00,Conquerer Nuts,A Taut Drama of a Mad Scientist And a Man who must Escape a Pioneer in An Abandoned Mine Shaft,2006,1,0,4,4.99,173,15,G,"Commentaries,Deleted Scenes,Behind the Scenes",2006-02-15 05:03:00
180.00,Conspiracy Spirit,A Awe-Inspiring Story of a Student And a Frisbee who must Conquer a Crocodile in An Abandoned Mine Shaft,2006,1,0,4,2.99,184,28,PG-13,"Trailers,Commentaries",2006-02-15 05:03:00
181.00,Contact Anonymous,A Insightful Display of a A Shark And a Monkey who must Face a Database Administrator in Ancient India,2006,1,0,7,2.99,166,11,PG-13,Commentaries,2006-02-15 05:03:00
182.00,Control Anthem,A Fateful Documentary of a Robot And a Student who must Battle a Cat in A Monastery,2006,1,0,7,4.99,185,10,G,Commentaries,2006-02-15 05:03:00
183.00,Conversation Downhill,A Taut Character Study of a Husband And a Waitress who must Sink a Squirrel in A MySQL Convention,2006,1,0,4,4.99,112,15,R,Commentaries,2006-02-15 05:03:00
184.00,Core Suit,A Unbelieveable Tale of a Car And a Explorer who must Confront a Boat in A Manhattan Penthouse,2006,1,0,3,2.99,92,25,PG-13,Deleted Scenes,2006-02-15 05:03:00
185.00,Cowboy Doom,A Astounding Drama of a Boy And a Lumberjack who must Fight a Butler in A Baloon,2006,1,0,3,2.99,146,11,PG,"Commentaries,Deleted Scenes,Behind the Scenes",2006-02-15 05:03:00
186.00,Craft Outfield,A Lacklusture Display of a Explorer And a Hunter who must Succumb a Database Administrator in A Baloon Factory,2006,1,0,6,0.99,64,18,NC-17,"Deleted Scenes,Behind the Scenes",2006-02-15 05:03:00
187.00,Cranes Reservoir,A Fanciful Documentary of a Teacher And a Dog who must Outgun a Forensic Psychologist in A Baloon Factory,2006,1,0,5,2.99,57,13,NC-17,Commentaries,2006-02-15 05:03:00
188.00,Crazy Home,A Fanciful Panorama of a Boy And a Woman who must Vanquish a Database Administrator in The Outback,2006,1,0,7,2.99,136,25,PG,"Commentaries,Deleted Scenes",2006-02-15 05:03:00
189.00,Creatures Shakespeare,A Emotional Drama of a Womanizer And a Squirrel who must Vanquish a Crocodile in Ancient India,2006,1,0,3,0.99,139,24,NC-17,"Trailers,Deleted Scenes",2006-02-15 05:03:00
190.00,Creepers Kane,A Awe-Inspiring Reflection of a Squirrel And a Boat who must Outrace a Car in A Jet Boat,2006,1,0,5,4.99,172,24,NC-17,"Trailers,Behind the Scenes",2006-02-15 05:03:00
191.00,Crooked Frogmen,A Unbelieveable Drama of a Hunter And a Database Administrator who must Battle a Crocodile in An Abandoned Amusement Park,2006,1,0,6,0.99,143,28,PG-13,"Commentaries,Deleted Scenes,Behind the Scenes",2006-02-15 05:03:00
192.00,Crossing Divorce,A Beautiful Documentary of a Dog And a Robot who must Redeem a Womanizer in Berlin,2006,1,0,4,4.99,50,20,R,"Commentaries,Deleted Scenes,Behind the Scenes",2006-02-15 05:03:00
193.00,Crossroads Casualties,A Intrepid Documentary of a Sumo Wrestler And a Astronaut who must Battle a Composer in The Outback,2006,1,0,5,2.99,153,21,G,"Trailers,Commentaries,Behind the Scenes",2006-02-15 05:03:00
194.00,Crow Grease,A Awe-Inspiring Documentary of a Woman And a Husband who must Sink a Database Administrator in The First Manned Space Station,2006,1,0,6,0.99,104,23,PG,"Trailers,Commentaries,Behind the Scenes",2006-02-15 05:03:00
195.00,Crowds Telemark,A Intrepid Documentary of a Astronaut And a Forensic Psychologist who must Find a Frisbee in An Abandoned Fun House,2006,1,0,3,4.99,112,17,R,"Trailers,Behind the Scenes",2006-02-15 05:03:00
196.00,Cruelty Unforgiven,A Brilliant Tale of a Car And a Moose who must Battle a Dentist in Nigeria,2006,1,0,7,0.99,69,30,G,"Deleted Scenes,Behind the Scenes",2006-02-15 05:03:00
197.00,Crusade Honey,A Fast-Paced Reflection of a Explorer And a Butler who must Battle a Madman in An Abandoned Amusement Park,2006,1,0,4,2.99,112,28,R,Commentaries,2006-02-15 05:03:00
198.00,Crystal Breaking,A Fast-Paced Character Study of a Feminist And a Explorer who must Face a Pastry Chef in Ancient Japan,2006,1,0,6,2.99,184,23,NC-17,"Trailers,Commentaries",2006-02-15 05:03:00
199.00,Cupboard Sinners,A Emotional Reflection of a Frisbee And a Boat who must Reach a Pastry Chef in An Abandoned Amusement Park,2006,1,0,4,2.99,56,30,R,Behind the Scenes,2006-02-15 05:03:00
200.00,Curtain Videotape,A Boring Reflection of a Dentist And a Mad Cow who must Chase a Secret Agent in A Shark Tank,2006,1,0,7,0.99,133,28,PG-13,"Trailers,Commentaries,Deleted Scenes,Behind the Scenes",2006-02-15 05:03:00
201.00,Cyclone Family,A Lacklusture Drama of a Student And a Monkey who must Sink a Womanizer in A MySQL Convention,2006,1,0,7,2.99,176,19,PG,"Trailers,Deleted Scenes",2006-02-15 05:03:00
202.00,Daddy Pittsburgh,A Epic Story of a A Shark And a Student who must Confront a Explorer in The Gulf of Mexico,2006,1,0,5,4.99,161,27,G,"Deleted Scenes,Behind the Scenes",2006-02-15 05:03:00
203.00,Daisy Menagerie,A Fast-Paced Saga of a Pastry Chef And a Monkey who must Sink a Composer in Ancient India,2006,1,0,5,4.99,84,10,G,"Trailers,Commentaries,Behind the Scenes",2006-02-15 05:03:00
204.00,Dalmations Sweden,A Emotional Epistle of a Moose And a Hunter who must Overcome a Robot in A Manhattan Penthouse,2006,1,0,4,0.99,106,26,PG,"Trailers,Commentaries,Deleted Scenes",2006-02-15 05:03:00
205.00,Dances None,A Insightful Reflection of a A Shark And a Dog who must Kill a Butler in An Abandoned Amusement Park,2006,1,0,3,0.99,58,23,NC-17,"Trailers,Commentaries,Deleted Scenes,Behind the Scenes",2006-02-15 05:03:00
206.00,Dancing Fever,A Stunning Story of a Explorer And a Forensic Psychologist who must Face a Crocodile in A Shark Tank,2006,1,0,6,0.99,144,26,G,"Commentaries,Behind the Scenes",2006-02-15 05:03:00
207.00,Dangerous Uptown,A Unbelieveable Story of a Mad Scientist And a Woman who must Overcome a Dog in California,2006,1,0,7,4.99,121,27,PG,Commentaries,2006-02-15 05:03:00
208.00,Dares Pluto,A Fateful Story of a Robot And a Dentist who must Defeat a Astronaut in New Orleans,2006,1,0,7,2.99,89,17,PG-13,"Commentaries,Behind the Scenes",2006-02-15 05:03:00
209.00,Darkness War,A Touching Documentary of a Husband And a Hunter who must Escape a Boy in The Sahara Desert,2006,1,0,6,2.99,99,25,NC-17,"Deleted Scenes,Behind the Scenes",2006-02-15 05:03:00
210.00,Darko Dorado,A Stunning Reflection of a Frisbee And a Husband who must Redeem a Dog in New Orleans,2006,1,0,3,4.99,130,14,NC-17,"Trailers,Commentaries,Deleted Scenes,Behind the Scenes",2006-02-15 05:03:00
211.00,Darling Breaking,A Brilliant Documentary of a Astronaut And a Squirrel who must Succumb a Student in The Gulf of Mexico,2006,1,0,7,4.99,165,21,PG-13,"Commentaries,Behind the Scenes",2006-02-15 05:03:00
212.00,Darn Forrester,A Fateful Story of a A Shark And a Explorer who must Succumb a Technical Writer in A Jet Boat,2006,1,0,7,4.99,185,15,G,Deleted Scenes,2006-02-15 05:03:00
213.00,Date Speed,A Touching Saga of a Composer And a Moose who must Discover a Dentist in A MySQL Convention,2006,1,0,4,0.99,104,20,R,Commentaries,2006-02-15 05:03:00
214.00,Daughter Madigan,A Beautiful Tale of a Hunter And a Mad Scientist who must Confront a Squirrel in The First Manned Space Station,2006,1,0,3,4.99,59,14,PG-13,Trailers,2006-02-15 05:03:00
215.00,Dawn Pond,A Thoughtful Documentary of a Dentist And a Forensic Psychologist who must Defeat a Waitress in Berlin,2006,1,0,4,4.99,57,28,PG,"Trailers,Deleted Scenes,Behind the Scenes",2006-02-15 05:03:00
216.00,Day Unfaithful,A Stunning Documentary of a Composer And a Mad Scientist who must Find a Technical Writer in A U-Boat,2006,1,0,3,4.99,113,17,G,"Trailers,Commentaries,Deleted Scenes,Behind the Scenes",2006-02-15 05:03:00
217.00,Dazed Punk,A Action-Packed Story of a Pioneer And a Technical Writer who must Discover a Forensic Psychologist in An Abandoned Amusement Park,2006,1,0,6,4.99,120,21,G,"Commentaries,Deleted Scenes",2006-02-15 05:03:00
218.00,Deceiver Betrayed,A Taut Story of a Moose And a Squirrel who must Build a Husband in Ancient India,2006,1,0,7,0.99,122,23,NC-17,"Trailers,Commentaries,Deleted Scenes,Behind the Scenes",2006-02-15 05:03:00
219.00,Deep Crusade,A Amazing Tale of a Crocodile And a Squirrel who must Discover a Composer in Australia,2006,1,0,6,4.99,51,21,PG-13,"Commentaries,Behind the Scenes",2006-02-15 05:03:00
220.00,Deer Virginian,A Thoughtful Story of a Mad Cow And a Womanizer who must Overcome a Mad Scientist in Soviet Georgia,2006,1,0,7,2.99,106,14,NC-17,Deleted Scenes,2006-02-15 05:03:00
221.00,Deliverance Mulholland,A Astounding Saga of a Monkey And a Moose who must Conquer a Butler in A Shark Tank,2006,1,0,4,0.99,100,10,R,Deleted Scenes,2006-02-15 05:03:00
222.00,Desert Poseidon,A Brilliant Documentary of a Butler And a Frisbee who must Build a Astronaut in New Orleans,2006,1,0,4,4.99,64,28,R,"Trailers,Behind the Scenes",2006-02-15 05:03:00
223.00,Desire Alien,A Fast-Paced Tale of a Dog And a Forensic Psychologist who must Meet a Astronaut in The First Manned Space Station,2006,1,0,7,2.99,76,25,NC-17,Deleted Scenes,2006-02-15 05:03:00
224.00,Desperate Trainspotting,A Epic Yarn of a Forensic Psychologist And a Teacher who must Face a Lumberjack in California,2006,1,0,7,4.99,81,30,G,Deleted Scenes,2006-02-15 05:03:00
225.00,Destination Jerk,A Beautiful Yarn of a Teacher And a Cat who must Build a Car in A U-Boat,2006,1,0,3,0.99,76,20,PG-13,"Trailers,Commentaries,Behind the Scenes",2006-02-15 05:03:00
226.00,Destiny Saturday,A Touching Drama of a Crocodile And a Crocodile who must Conquer a Explorer in Soviet Georgia,2006,1,0,4,4.99,56,21,G,"Trailers,Commentaries,Behind the Scenes",2006-02-15 05:03:00
227.00,Details Packer,A Epic Saga of a Waitress And a Composer who must Face a Boat in A U-Boat,2006,1,0,4,4.99,88,18,R,"Commentaries,Deleted Scenes",2006-02-15 05:03:00
228.00,Detective Vision,A Fanciful Documentary of a Pioneer And a Woman who must Redeem a Hunter in Ancient Japan,2006,1,0,4,0.99,143,17,PG-13,"Trailers,Commentaries,Behind the Scenes",2006-02-15 05:03:00
229.00,Devil Desire,A Beautiful Reflection of a Monkey And a Dentist who must Face a Database Administrator in Ancient Japan,2006,1,0,6,4.99,87,13,R,"Trailers,Behind the Scenes",2006-02-15 05:03:00
230.00,Diary Panic,A Thoughtful Character Study of a Frisbee And a Mad Cow who must Outgun a Man in Ancient India,2006,1,0,7,2.99,107,21,G,"Commentaries,Behind the Scenes",2006-02-15 05:03:00
231.00,Dinosaur Secretary,A Action-Packed Drama of a Feminist And a Girl who must Reach a Robot in The Canadian Rockies,2006,1,0,7,2.99,63,28,R,"Trailers,Behind the Scenes",2006-02-15 05:03:00
232.00,Dirty Ace,A Action-Packed Character Study of a Forensic Psychologist And a Girl who must Build a Dentist in The Outback,2006,1,0,7,2.99,147,30,NC-17,"Commentaries,Deleted Scenes,Behind the Scenes",2006-02-15 05:03:00
233.00,Disciple Mother,A Touching Reflection of a Mad Scientist And a Boat who must Face a Moose in A Shark Tank,2006,1,0,3,0.99,141,18,PG,"Trailers,Deleted Scenes,Behind the Scenes",2006-02-15 05:03:00
234.00,Disturbing Scarface,A Lacklusture Display of a Crocodile And a Butler who must Overcome a Monkey in A U-Boat,2006,1,0,6,2.99,94,28,R,"Trailers,Behind the Scenes",2006-02-15 05:03:00
235.00,Divide Monster,A Intrepid Saga of a Man And a Forensic Psychologist who must Reach a Squirrel in A Monastery,2006,1,0,6,2.99,68,14,PG-13,"Trailers,Commentaries",2006-02-15 05:03:00
236.00,Divine Resurrection,A Boring Character Study of a Man And a Womanizer who must Succumb a Teacher in An Abandoned Amusement Park,2006,1,0,4,2.99,100,20,R,"Trailers,Commentaries",2006-02-15 05:03:00
237.00,Divorce Shining,A Unbelieveable Saga of a Crocodile And a Student who must Discover a Cat in Ancient India,2006,1,0,3,2.99,47,22,G,"Trailers,Commentaries,Deleted Scenes",2006-02-15 05:03:00
238.00,Doctor Grail,A Insightful Drama of a Womanizer And a Waitress who must Reach a Forensic Psychologist in The Outback,2006,1,0,4,2.99,57,30,G,"Trailers,Commentaries,Behind the Scenes",2006-02-15 05:03:00
239.00,Dogma Family,A Brilliant Character Study of a Database Administrator And a Monkey who must Succumb a Astronaut in New Orleans,2006,1,0,5,4.99,122,17,G,Commentaries,2006-02-15 05:03:00
240.00,Dolls Rage,A Thrilling Display of a Pioneer And a Frisbee who must Escape a Teacher in The Outback,2006,1,0,7,2.99,120,11,PG-13,"Commentaries,Deleted Scenes",2006-02-15 05:03:00
241.00,Donnie Alley,A Awe-Inspiring Tale of a Butler And a Frisbee who must Vanquish a Teacher in Ancient Japan,2006,1,0,4,0.99,125,21,NC-17,"Trailers,Commentaries,Behind the Scenes",2006-02-15 05:03:00
242.00,Doom Dancing,A Astounding Panorama of a Car And a Mad Scientist who must Battle a Lumberjack in A MySQL Convention,2006,1,0,4,0.99,68,14,R,"Trailers,Commentaries",2006-02-15 05:03:00
243.00,Doors President,A Awe-Inspiring Display of a Squirrel And a Woman who must Overcome a Boy in The Gulf of Mexico,2006,1,0,3,4.99,49,23,NC-17,"Trailers,Commentaries,Deleted Scenes,Behind the Scenes",2006-02-15 05:03:00
244.00,Dorado Notting,A Action-Packed Tale of a Sumo Wrestler And a A Shark who must Meet a Frisbee in California,2006,1,0,5,4.99,139,27,NC-17,Commentaries,2006-02-15 05:03:00
245.00,Double Wrath,A Thoughtful Yarn of a Womanizer And a Dog who must Challenge a Madman in The Gulf of Mexico,2006,1,0,4,0.99,177,29,R,"Trailers,Deleted Scenes,Behind the Scenes",2006-02-15 05:03:00
246.00,Doubtfire Labyrinth,A Intrepid Panorama of a Butler And a Composer who must Meet a Mad Cow in The Sahara Desert,2006,1,0,5,4.99,154,17,R,"Deleted Scenes,Behind the Scenes",2006-02-15 05:03:00
247.00,Downhill Enough,A Emotional Tale of a Pastry Chef And a Forensic Psychologist who must Succumb a Monkey in The Sahara Desert,2006,1,0,3,0.99,47,20,G,"Trailers,Commentaries,Deleted Scenes",2006-02-15 05:03:00
248.00,Dozen Lion,A Taut Drama of a Cat And a Girl who must Defeat a Frisbee in The Canadian Rockies,2006,1,0,6,4.99,177,21,NC-17,"Commentaries,Deleted Scenes,Behind the Scenes",2006-02-15 05:03:00
249.00,Dracula Crystal,A Thrilling Reflection of a Feminist And a Cat who must Find a Frisbee in An Abandoned Fun House,2006,1,0,7,0.99,176,27,G,Commentaries,2006-02-15 05:03:00
250.00,Dragon Squad,A Taut Reflection of a Boy And a Waitress who must Outgun a Teacher in Ancient China,2006,1,0,4,0.99,170,27,NC-17,"Deleted Scenes,Behind the Scenes",2006-02-15 05:03:00
251.00,Dragonfly Strangers,A Boring Documentary of a Pioneer And a Man who must Vanquish a Man in Nigeria,2006,1,0,6,4.99,133,20,NC-17,"Trailers,Behind the Scenes",2006-02-15 05:03:00
252.00,Dream Pickup,A Epic Display of a Car And a Composer who must Overcome a Forensic Psychologist in The Gulf of Mexico,2006,1,0,6,2.99,135,19,PG,"Trailers,Commentaries,Behind the Scenes",2006-02-15 05:03:00
253.00,Drifter Commandments,A Epic Reflection of a Womanizer And a Squirrel who must Discover a Husband in A Jet Boat,2006,1,0,5,4.99,61,19,PG-13,"Trailers,Behind the Scenes",2006-02-15 05:03:00
254.00,Driver Annie,A Lacklusture Character Study of a Butler And a Car who must Redeem a Boat in An Abandoned Fun House,2006,1,0,4,2.99,159,12,PG-13,"Trailers,Deleted Scenes,Behind the Scenes",2006-02-15 05:03:00
255.00,Driving Polish,A Action-Packed Yarn of a Feminist And a Technical Writer who must Sink a Boat in An Abandoned Mine Shaft,2006,1,0,6,4.99,175,22,NC-17,"Trailers,Deleted Scenes",2006-02-15 05:03:00
256.00,Drop Waterfront,A Fanciful Documentary of a Husband And a Explorer who must Reach a Madman in Ancient China,2006,1,0,6,4.99,178,21,R,"Trailers,Commentaries",2006-02-15 05:03:00
257.00,Drumline Cyclone,A Insightful Panorama of a Monkey And a Sumo Wrestler who must Outrace a Mad Scientist in The Canadian Rockies,2006,1,0,3,0.99,110,15,G,"Commentaries,Deleted Scenes,Behind the Scenes",2006-02-15 05:03:00
258.00,Drums Dynamite,A Epic Display of a Crocodile And a Crocodile who must Confront a Dog in An Abandoned Amusement Park,2006,1,0,6,0.99,96,12,PG,Trailers,2006-02-15 05:03:00
259.00,Duck Racer,A Lacklusture Yarn of a Teacher And a Squirrel who must Overcome a Dog in A Shark Tank,2006,1,0,4,2.99,116,16,NC-17,Behind the Scenes,2006-02-15 05:03:00
260.00,Dude Blindness,A Stunning Reflection of a Husband And a Lumberjack who must Face a Frisbee in An Abandoned Fun House,2006,1,0,3,4.99,132,10,G,"Trailers,Deleted Scenes",2006-02-15 05:03:00
261.00,Duffel Apocalypse,A Emotional Display of a Boat And a Explorer who must Challenge a Madman in A MySQL Convention,2006,1,0,5,0.99,171,14,G,Commentaries,2006-02-15 05:03:00
262.00,Dumbo Lust,A Touching Display of a Feminist And a Dentist who must Conquer a Husband in The Gulf of Mexico,2006,1,0,5,0.99,119,18,NC-17,Behind the Scenes,2006-02-15 05:03:00
263.00,Durham Panky,A Brilliant Panorama of a Girl And a Boy who must Face a Mad Scientist in An Abandoned Mine Shaft,2006,1,0,6,4.99,154,15,R,"Trailers,Commentaries",2006-02-15 05:03:00
264.00,Dwarfs Alter,A Emotional Yarn of a Girl And a Dog who must Challenge a Composer in Ancient Japan,2006,1,0,6,2.99,101,14,G,"Commentaries,Deleted Scenes",2006-02-15 05:03:00
265.00,Dying Maker,A Intrepid Tale of a Boat And a Monkey who must Kill a Cat in California,2006,1,0,5,4.99,168,29,PG,Behind the Scenes,2006-02-15 05:03:00
266.00,Dynamite Tarzan,A Intrepid Documentary of a Forensic Psychologist And a Mad Scientist who must Face a Explorer in A U-Boat,2006,1,0,4,0.99,141,28,PG-13,Deleted Scenes,2006-02-15 05:03:00
267.00,Eagles Panky,A Thoughtful Story of a Car And a Boy who must Find a A Shark in The Sahara Desert,2006,1,0,4,4.99,140,15,NC-17,"Trailers,Commentaries,Behind the Scenes",2006-02-15 05:03:00
268.00,Early Home,A Amazing Panorama of a Mad Scientist And a Husband who must Meet a Woman in The Outback,2006,1,0,6,4.99,96,28,NC-17,"Trailers,Commentaries,Behind the Scenes",2006-02-15 05:03:00
269.00,Earring Instinct,A Stunning Character Study of a Dentist And a Mad Cow who must Find a Teacher in Nigeria,2006,1,0,3,0.99,98,23,R,Behind the Scenes,2006-02-15 05:03:00
270.00,Earth Vision,A Stunning Drama of a Butler And a Madman who must Outrace a Womanizer in Ancient India,2006,1,0,7,0.99,85,30,NC-17,"Trailers,Commentaries,Deleted Scenes",2006-02-15 05:03:00
271.00,Easy Gladiator,A Fateful Story of a Monkey And a Girl who must Overcome a Pastry Chef in Ancient India,2006,1,0,5,4.99,148,13,G,"Trailers,Commentaries,Behind the Scenes",2006-02-15 05:03:00
272.00,Edge Kissing,A Beautiful Yarn of a Composer And a Mad Cow who must Redeem a Mad Scientist in A Jet Boat,2006,1,0,5,4.99,153,10,NC-17,Deleted Scenes,2006-02-15 05:03:00
273.00,Effect Gladiator,A Beautiful Display of a Pastry Chef And a Pastry Chef who must Outgun a Forensic Psychologist in A Manhattan Penthouse,2006,1,0,6,0.99,107,15,PG,Commentaries,2006-02-15 05:03:00
274.00,Egg Igby,A Beautiful Documentary of a Boat And a Sumo Wrestler who must Succumb a Database Administrator in The First Manned Space Station,2006,1,0,4,2.99,67,21,PG,"Commentaries,Behind the Scenes",2006-02-15 05:03:00
275.00,Egypt Tenenbaums,A Intrepid Story of a Madman And a Secret Agent who must Outrace a Astronaut in An Abandoned Amusement Park,2006,1,0,3,0.99,85,12,PG,"Commentaries,Deleted Scenes,Behind the Scenes",2006-02-15 05:03:00
276.00,Element Freddy,A Awe-Inspiring Reflection of a Waitress And a Squirrel who must Kill a Mad Cow in A Jet Boat,2006,1,0,6,4.99,115,29,NC-17,"Commentaries,Behind the Scenes",2006-02-15 05:03:00
277.00,Elephant Trojan,A Beautiful Panorama of a Lumberjack And a Forensic Psychologist who must Overcome a Frisbee in A Baloon,2006,1,0,4,4.99,126,25,PG-13,Behind the Scenes,2006-02-15 05:03:00
278.00,Elf Murder,A Action-Packed Story of a Frisbee And a Woman who must Reach a Girl in An Abandoned Mine Shaft,2006,1,0,4,4.99,155,20,NC-17,"Trailers,Commentaries,Behind the Scenes",2006-02-15 05:03:00
279.00,Elizabeth Shane,A Lacklusture Display of a Womanizer And a Dog who must Face a Sumo Wrestler in Ancient Japan,2006,1,0,7,4.99,152,12,NC-17,"Trailers,Deleted Scenes,Behind the Scenes",2006-02-15 05:03:00
280.00,Empire Malkovich,A Amazing Story of a Feminist And a Cat who must Face a Car in An Abandoned Fun House,2006,1,0,7,0.99,177,27,G,Deleted Scenes,2006-02-15 05:03:00
281.00,Encino Elf,A Astounding Drama of a Feminist And a Teacher who must Confront a Husband in A Baloon,2006,1,0,6,0.99,143,10,G,"Trailers,Behind the Scenes",2006-02-15 05:03:00
282.00,Encounters Curtain,A Insightful Epistle of a Pastry Chef And a Womanizer who must Build a Boat in New Orleans,2006,1,0,5,0.99,92,21,NC-17,Trailers,2006-02-15 05:03:00
283.00,Ending Crowds,A Unbelieveable Display of a Dentist And a Madman who must Vanquish a Squirrel in Berlin,2006,1,0,6,0.99,85,11,NC-17,"Commentaries,Behind the Scenes",2006-02-15 05:03:00
284.00,Enemy Odds,A Fanciful Panorama of a Mad Scientist And a Woman who must Pursue a Astronaut in Ancient India,2006,1,0,5,4.99,77,24,NC-17,Trailers,2006-02-15 05:03:00
285.00,English Bulworth,A Intrepid Epistle of a Pastry Chef And a Pastry Chef who must Pursue a Crocodile in Ancient China,2006,1,0,3,0.99,51,19,PG-13,Deleted Scenes,2006-02-15 05:03:00
286.00,Enough Raging,A Astounding Character Study of a Boat And a Secret Agent who must Find a Mad Cow in The Sahara Desert,2006,1,0,7,2.99,158,17,NC-17,Commentaries,2006-02-15 05:03:00
287.00,Entrapment Satisfaction,A Thoughtful Panorama of a Hunter And a Teacher who must Reach a Mad Cow in A U-Boat,2006,1,0,5,0.99,176,20,R,"Commentaries,Deleted Scenes,Behind the Scenes",2006-02-15 05:03:00
288.00,Escape Metropolis,A Taut Yarn of a Astronaut And a Technical Writer who must Outgun a Boat in New Orleans,2006,1,0,7,2.99,167,21,R,Trailers,2006-02-15 05:03:00
289.00,Eve Resurrection,A Awe-Inspiring Yarn of a Pastry Chef And a Database Administrator who must Challenge a Teacher in A Baloon,2006,1,0,5,4.99,66,26,G,"Trailers,Commentaries,Deleted Scenes",2006-02-15 05:03:00
290.00,Everyone Craft,A Fateful Display of a Waitress And a Dentist who must Reach a Butler in Nigeria,2006,1,0,4,0.99,163,30,PG,"Trailers,Commentaries",2006-02-15 05:03:00
291.00,Evolution Alter,A Fanciful Character Study of a Feminist And a Madman who must Find a Explorer in A Baloon Factory,2006,1,0,5,0.99,174,11,PG-13,Behind the Scenes,2006-02-15 05:03:00
292.00,Excitement Eve,A Brilliant Documentary of a Monkey And a Car who must Conquer a Crocodile in A Shark Tank,2006,1,0,3,0.99,51,21,G,Commentaries,2006-02-15 05:03:00
293.00,Exorcist Sting,A Touching Drama of a Dog And a Sumo Wrestler who must Conquer a Mad Scientist in Berlin,2006,1,0,6,2.99,167,18,G,"Commentaries,Deleted Scenes,Behind the Scenes",2006-02-15 05:03:00
294.00,Expecations Natural,A Amazing Drama of a Butler And a Husband who must Reach a A Shark in A U-Boat,2006,1,0,5,4.99,138,27,PG-13,Deleted Scenes,2006-02-15 05:03:00
295.00,Expendable Stallion,A Amazing Character Study of a Mad Cow And a Squirrel who must Discover a Hunter in A U-Boat,2006,1,0,3,0.99,97,15,PG,"Trailers,Behind the Scenes",2006-02-15 05:03:00
296.00,Express Lonely,A Boring Drama of a Astronaut And a Boat who must Face a Boat in California,2006,1,0,5,2.99,178,24,R,Trailers,2006-02-15 05:03:00
297.00,Extraordinary Conquerer,A Stunning Story of a Dog And a Feminist who must Face a Forensic Psychologist in Berlin,2006,1,0,6,2.99,122,30,G,"Trailers,Commentaries,Deleted Scenes",2006-02-15 05:03:00
298.00,Eyes Driving,A Thrilling Story of a Cat And a Waitress who must Fight a Explorer in The Outback,2006,1,0,4,2.99,172,14,PG-13,"Trailers,Commentaries",2006-02-15 05:03:00
299.00,Factory Dragon,A Action-Packed Saga of a Teacher And a Frisbee who must Escape a Lumberjack in The Sahara Desert,2006,1,0,4,0.99,144,10,PG-13,"Trailers,Commentaries,Deleted Scenes",2006-02-15 05:03:00
300.00,Falcon Volume,A Fateful Saga of a Sumo Wrestler And a Hunter who must Redeem a A Shark in New Orleans,2006,1,0,5,4.99,102,22,PG-13,"Commentaries,Behind the Scenes",2006-02-15 05:03:00
301.00,Family Sweet,A Epic Documentary of a Teacher And a Boy who must Escape a Woman in Berlin,2006,1,0,4,0.99,155,25,R,Trailers,2006-02-15 05:03:00
302.00,Fantasia Park,A Thoughtful Documentary of a Mad Scientist And a A Shark who must Outrace a Feminist in Australia,2006,1,0,5,2.99,131,30,G,Commentaries,2006-02-15 05:03:00
303.00,Fantasy Troopers,A Touching Saga of a Teacher And a Monkey who must Overcome a Secret Agent in A MySQL Convention,2006,1,0,6,0.99,58,28,PG-13,Behind the Scenes,2006-02-15 05:03:00
304.00,Fargo Gandhi,A Thrilling Reflection of a Pastry Chef And a Crocodile who must Reach a Teacher in The Outback,2006,1,0,3,2.99,130,29,G,Deleted Scenes,2006-02-15 05:03:00
305.00,Fatal Haunted,A Beautiful Drama of a Student And a Secret Agent who must Confront a Dentist in Ancient Japan,2006,1,0,6,2.99,91,25,PG,"Trailers,Behind the Scenes",2006-02-15 05:03:00
306.00,Feathers Metal,A Thoughtful Yarn of a Monkey And a Teacher who must Find a Dog in Australia,2006,1,0,3,0.99,104,13,PG-13,"Trailers,Deleted Scenes",2006-02-15 05:03:00
307.00,Fellowship Autumn,A Lacklusture Reflection of a Dentist And a Hunter who must Meet a Teacher in A Baloon,2006,1,0,6,4.99,77,10,NC-17,"Deleted Scenes,Behind the Scenes",2006-02-15 05:03:00
308.00,Ferris Mother,A Touching Display of a Frisbee And a Frisbee who must Kill a Girl in The Gulf of Mexico,2006,1,0,3,2.99,142,14,PG,"Trailers,Deleted Scenes,Behind the Scenes",2006-02-15 05:03:00
309.00,Feud Frogmen,A Brilliant Reflection of a Database Administrator And a Mad Cow who must Chase a Woman in The Canadian Rockies,2006,1,0,6,0.99,98,30,R,"Trailers,Commentaries,Deleted Scenes,Behind the Scenes",2006-02-15 05:03:00
310.00,Fever Empire,A Insightful Panorama of a Cat And a Boat who must Defeat a Boat in The Gulf of Mexico,2006,1,0,5,4.99,158,21,R,"Commentaries,Deleted Scenes",2006-02-15 05:03:00
311.00,Fiction Christmas,A Emotional Yarn of a A Shark And a Student who must Battle a Robot in An Abandoned Mine Shaft,2006,1,0,4,0.99,72,15,PG,"Trailers,Commentaries,Deleted Scenes,Behind the Scenes",2006-02-15 05:03:00
312.00,Fiddler Lost,A Boring Tale of a Squirrel And a Dog who must Challenge a Madman in The Gulf of Mexico,2006,1,0,4,4.99,75,21,R,"Deleted Scenes,Behind the Scenes",2006-02-15 05:03:00
313.00,Fidelity Devil,A Awe-Inspiring Drama of a Technical Writer And a Composer who must Reach a Pastry Chef in A U-Boat,2006,1,0,5,4.99,118,12,G,"Trailers,Deleted Scenes,Behind the Scenes",2006-02-15 05:03:00
314.00,Fight Jawbreaker,A Intrepid Panorama of a Womanizer And a Girl who must Escape a Girl in A Manhattan Penthouse,2006,1,0,3,0.99,91,14,R,"Trailers,Commentaries,Deleted Scenes,Behind the Scenes",2006-02-15 05:03:00
315.00,Finding Anaconda,A Fateful Tale of a Database Administrator And a Girl who must Battle a Squirrel in New Orleans,2006,1,0,4,0.99,156,11,R,"Trailers,Commentaries",2006-02-15 05:03:00
316.00,Fire Wolves,A Intrepid Documentary of a Frisbee And a Dog who must Outrace a Lumberjack in Nigeria,2006,1,0,5,4.99,173,19,R,Trailers,2006-02-15 05:03:00
317.00,Fireball Philadelphia,A Amazing Yarn of a Dentist And a A Shark who must Vanquish a Madman in An Abandoned Mine Shaft,2006,1,0,4,0.99,148,26,PG,"Trailers,Commentaries,Behind the Scenes",2006-02-15 05:03:00
318.00,Firehouse Vietnam,A Awe-Inspiring Character Study of a Boat And a Boy who must Kill a Pastry Chef in The Sahara Desert,2006,1,0,7,0.99,103,15,G,"Commentaries,Deleted Scenes",2006-02-15 05:03:00
319.00,Fish Opus,A Touching Display of a Feminist And a Girl who must Confront a Astronaut in Australia,2006,1,0,4,2.99,125,23,R,"Trailers,Deleted Scenes,Behind the Scenes",2006-02-15 05:03:00
320.00,Flamingos Connecticut,A Fast-Paced Reflection of a Composer And a Composer who must Meet a Cat in The Sahara Desert,2006,1,0,4,4.99,80,29,PG-13,Trailers,2006-02-15 05:03:00
321.00,Flash Wars,A Astounding Saga of a Moose And a Pastry Chef who must Chase a Student in The Gulf of Mexico,2006,1,0,3,4.99,123,22,NC-17,"Trailers,Commentaries,Behind the Scenes",2006-02-15 05:03:00
322.00,Flatliners Killer,A Taut Display of a Secret Agent And a Waitress who must Sink a Robot in An Abandoned Mine Shaft,2006,1,0,5,2.99,100,30,G,"Trailers,Commentaries,Deleted Scenes",2006-02-15 05:03:00
323.00,Flight Lies,A Stunning Character Study of a Crocodile And a Pioneer who must Pursue a Teacher in New Orleans,2006,1,0,7,4.99,179,23,R,Trailers,2006-02-15 05:03:00
324.00,Flintstones Happiness,A Fateful Story of a Husband And a Moose who must Vanquish a Boy in California,2006,1,0,3,4.99,148,12,PG-13,"Trailers,Commentaries,Deleted Scenes,Behind the Scenes",2006-02-15 05:03:00
325.00,Floats Garden,A Action-Packed Epistle of a Robot And a Car who must Chase a Boat in Ancient Japan,2006,1,0,6,2.99,145,30,PG-13,"Trailers,Commentaries,Behind the Scenes",2006-02-15 05:03:00
326.00,Flying Hook,A Thrilling Display of a Mad Cow And a Dog who must Challenge a Frisbee in Nigeria,2006,1,0,6,2.99,69,19,NC-17,"Trailers,Commentaries,Behind the Scenes",2006-02-15 05:03:00
327.00,Fool Mockingbird,A Lacklusture Tale of a Crocodile And a Composer who must Defeat a Madman in A U-Boat,2006,1,0,3,4.99,158,25,PG,"Trailers,Commentaries",2006-02-15 05:03:00
328.00,Forever Candidate,A Unbelieveable Panorama of a Technical Writer And a Man who must Pursue a Frisbee in A U-Boat,2006,1,0,7,2.99,131,29,NC-17,"Commentaries,Deleted Scenes,Behind the Scenes",2006-02-15 05:03:00
329.00,Forrest Sons,A Thrilling Documentary of a Forensic Psychologist And a Butler who must Defeat a Explorer in A Jet Boat,2006,1,0,4,2.99,63,16,R,Commentaries,2006-02-15 05:03:00
330.00,Forrester Comancheros,A Fateful Tale of a Squirrel And a Forensic Psychologist who must Redeem a Man in Nigeria,2006,1,0,7,4.99,112,23,NC-17,"Trailers,Behind the Scenes",2006-02-15 05:03:00
331.00,Forward Temple,A Astounding Display of a Forensic Psychologist And a Mad Scientist who must Challenge a Girl in New Orleans,2006,1,0,6,2.99,90,26,NC-17,"Trailers,Commentaries,Behind the Scenes",2006-02-15 05:03:00
332.00,Frankenstein Stranger,A Insightful Character Study of a Feminist And a Pioneer who must Pursue a Pastry Chef in Nigeria,2006,1,0,7,0.99,159,17,NC-17,"Deleted Scenes,Behind the Scenes",2006-02-15 05:03:00
333.00,Freaky Pocus,A Fast-Paced Documentary of a Pastry Chef And a Crocodile who must Chase a Squirrel in The Gulf of Mexico,2006,1,0,7,2.99,126,17,R,"Trailers,Behind the Scenes",2006-02-15 05:03:00
334.00,Freddy Storm,A Intrepid Saga of a Man And a Lumberjack who must Vanquish a Husband in The Outback,2006,1,0,6,4.99,65,22,NC-17,"Trailers,Commentaries,Behind the Scenes",2006-02-15 05:03:00
335.00,Freedom Cleopatra,A Emotional Reflection of a Dentist And a Mad Cow who must Face a Squirrel in A Baloon,2006,1,0,5,0.99,133,24,PG-13,"Trailers,Commentaries,Behind the Scenes",2006-02-15 05:03:00
336.00,French Holiday,A Thrilling Epistle of a Dog And a Feminist who must Kill a Madman in Berlin,2006,1,0,5,4.99,99,23,PG,Behind the Scenes,2006-02-15 05:03:00
337.00,Frida Slipper,A Fateful Story of a Lumberjack And a Car who must Escape a Boat in An Abandoned Mine Shaft,2006,1,0,6,2.99,73,12,R,"Trailers,Deleted Scenes",2006-02-15 05:03:00
338.00,Frisco Forrest,A Beautiful Documentary of a Woman And a Pioneer who must Pursue a Mad Scientist in A Shark Tank,2006,1,0,6,4.99,51,24,PG,"Commentaries,Deleted Scenes,Behind the Scenes",2006-02-15 05:03:00
339.00,Frogmen Breaking,A Unbelieveable Yarn of a Mad Scientist And a Cat who must Chase a Lumberjack in Australia,2006,1,0,5,0.99,111,18,R,"Trailers,Deleted Scenes,Behind the Scenes",2006-02-15 05:03:00
340.00,Frontier Cabin,A Emotional Story of a Madman And a Waitress who must Battle a Teacher in An Abandoned Fun House,2006,1,0,6,4.99,183,15,PG-13,"Commentaries,Deleted Scenes",2006-02-15 05:03:00
341.00,Frost Head,A Amazing Reflection of a Lumberjack And a Cat who must Discover a Husband in A MySQL Convention,2006,1,0,5,0.99,82,14,PG,"Trailers,Deleted Scenes",2006-02-15 05:03:00
342.00,Fugitive Maguire,A Taut Epistle of a Feminist And a Sumo Wrestler who must Battle a Crocodile in Australia,2006,1,0,7,4.99,83,29,R,"Trailers,Commentaries,Deleted Scenes",2006-02-15 05:03:00
343.00,Full Flatliners,A Beautiful Documentary of a Astronaut And a Moose who must Pursue a Monkey in A Shark Tank,2006,1,0,6,2.99,94,15,PG,"Trailers,Deleted Scenes",2006-02-15 05:03:00
344.00,Fury Murder,A Lacklusture Reflection of a Boat And a Forensic Psychologist who must Fight a Waitress in A Monastery,2006,1,0,3,0.99,178,29,PG-13,Deleted Scenes,2006-02-15 05:03:00
345.00,Gables Metropolis,A Fateful Display of a Cat And a Pioneer who must Challenge a Pastry Chef in A Baloon Factory,2006,1,0,3,0.99,161,18,PG,"Trailers,Commentaries",2006-02-15 05:03:00
346.00,Galaxy Sweethearts,A Emotional Reflection of a Womanizer And a Pioneer who must Face a Squirrel in Berlin,2006,1,0,4,4.99,128,14,R,Deleted Scenes,2006-02-15 05:03:00
347.00,Games Bowfinger,A Astounding Documentary of a Butler And a Explorer who must Challenge a Butler in A Monastery,2006,1,0,7,4.99,119,18,PG-13,Behind the Scenes,2006-02-15 05:03:00
348.00,Gandhi Kwai,A Thoughtful Display of a Mad Scientist And a Secret Agent who must Chase a Boat in Berlin,2006,1,0,7,0.99,86,10,PG-13,Trailers,2006-02-15 05:03:00
349.00,Gangs Pride,A Taut Character Study of a Woman And a A Shark who must Confront a Frisbee in Berlin,2006,1,0,4,2.99,185,28,PG-13,Behind the Scenes,2006-02-15 05:03:00
350.00,Garden Island,A Unbelieveable Character Study of a Womanizer And a Madman who must Reach a Man in The Outback,2006,1,0,3,4.99,80,22,G,"Trailers,Behind the Scenes",2006-02-15 05:03:00
351.00,Gaslight Crusade,A Amazing Epistle of a Boy And a Astronaut who must Redeem a Man in The Gulf of Mexico,2006,1,0,4,2.99,106,11,PG,"Trailers,Deleted Scenes",2006-02-15 05:03:00
352.00,Gathering Calendar,A Intrepid Tale of a Pioneer And a Moose who must Conquer a Frisbee in A MySQL Convention,2006,1,0,4,0.99,176,23,PG-13,"Commentaries,Behind the Scenes",2006-02-15 05:03:00
353.00,Gentlemen Stage,A Awe-Inspiring Reflection of a Monkey And a Student who must Overcome a Dentist in The First Manned Space Station,2006,1,0,6,2.99,125,23,NC-17,"Commentaries,Deleted Scenes",2006-02-15 05:03:00
354.00,Ghost Groundhog,A Brilliant Panorama of a Madman And a Composer who must Succumb a Car in Ancient India,2006,1,0,6,4.99,85,19,G,"Trailers,Commentaries,Deleted Scenes,Behind the Scenes",2006-02-15 05:03:00
355.00,Ghostbusters Elf,A Thoughtful Epistle of a Dog And a Feminist who must Chase a Composer in Berlin,2006,1,0,7,0.99,101,19,R,"Trailers,Deleted Scenes,Behind the Scenes",2006-02-15 05:03:00
356.00,Giant Troopers,A Fateful Display of a Feminist And a Monkey who must Vanquish a Monkey in The Canadian Rockies,2006,1,0,5,2.99,102,11,R,"Trailers,Commentaries",2006-02-15 05:03:00
357.00,Gilbert Pelican,A Fateful Tale of a Man And a Feminist who must Conquer a Crocodile in A Manhattan Penthouse,2006,1,0,7,0.99,114,14,G,"Trailers,Commentaries",2006-02-15 05:03:00
358.00,Gilmore Boiled,A Unbelieveable Documentary of a Boat And a Husband who must Succumb a Student in A U-Boat,2006,1,0,5,0.99,163,30,R,"Trailers,Behind the Scenes",2006-02-15 05:03:00
359.00,Gladiator Westward,A Astounding Reflection of a Squirrel And a Sumo Wrestler who must Sink a Dentist in Ancient Japan,2006,1,0,6,4.99,173,21,PG,"Commentaries,Deleted Scenes",2006-02-15 05:03:00
360.00,Glass Dying,A Astounding Drama of a Frisbee And a Astronaut who must Fight a Dog in Ancient Japan,2006,1,0,4,0.99,103,25,G,Trailers,2006-02-15 05:03:00
361.00,Gleaming Jawbreaker,A Amazing Display of a Composer And a Forensic Psychologist who must Discover a Car in The Canadian Rockies,2006,1,0,5,2.99,89,26,NC-17,"Trailers,Commentaries",2006-02-15 05:03:00
362.00,Glory Tracy,A Amazing Saga of a Woman And a Womanizer who must Discover a Cat in The First Manned Space Station,2006,1,0,7,2.99,115,14,PG-13,"Trailers,Commentaries,Behind the Scenes",2006-02-15 05:03:00
363.00,Go Purple,A Fast-Paced Display of a Car And a Database Administrator who must Battle a Woman in A Baloon,2006,1,0,3,0.99,54,13,R,Trailers,2006-02-15 05:03:00
364.00,Godfather Diary,A Stunning Saga of a Lumberjack And a Squirrel who must Chase a Car in The Outback,2006,1,0,3,2.99,73,15,NC-17,Trailers,2006-02-15 05:03:00
365.00,Gold River,A Taut Documentary of a Database Administrator And a Waitress who must Reach a Mad Scientist in A Baloon Factory,2006,1,0,4,4.99,154,22,R,"Trailers,Commentaries,Deleted Scenes,Behind the Scenes",2006-02-15 05:03:00
366.00,Goldfinger Sensibility,A Insightful Drama of a Mad Scientist And a Hunter who must Defeat a Pastry Chef in New Orleans,2006,1,0,3,0.99,93,30,G,"Trailers,Commentaries,Behind the Scenes",2006-02-15 05:03:00
367.00,Goldmine Tycoon,A Brilliant Epistle of a Composer And a Frisbee who must Conquer a Husband in The Outback,2006,1,0,6,0.99,153,21,R,"Trailers,Behind the Scenes",2006-02-15 05:03:00
368.00,Gone Trouble,A Insightful Character Study of a Mad Cow And a Forensic Psychologist who must Conquer a A Shark in A Manhattan Penthouse,2006,1,0,7,2.99,84,21,R,"Deleted Scenes,Behind the Scenes",2006-02-15 05:03:00
369.00,Goodfellas Salute,A Unbelieveable Tale of a Dog And a Explorer who must Sink a Mad Cow in A Baloon Factory,2006,1,0,4,4.99,56,23,PG,Deleted Scenes,2006-02-15 05:03:00
370.00,Gorgeous Bingo,A Action-Packed Display of a Sumo Wrestler And a Car who must Overcome a Waitress in A Baloon Factory,2006,1,0,4,2.99,108,27,R,"Deleted Scenes,Behind the Scenes",2006-02-15 05:03:00
371.00,Gosford Donnie,A Epic Panorama of a Mad Scientist And a Monkey who must Redeem a Secret Agent in Berlin,2006,1,0,5,4.99,129,18,G,Commentaries,2006-02-15 05:03:00
372.00,Graceland Dynamite,A Taut Display of a Cat And a Girl who must Overcome a Database Administrator in New Orleans,2006,1,0,5,4.99,140,27,R,"Trailers,Commentaries",2006-02-15 05:03:00
373.00,Graduate Lord,A Lacklusture Epistle of a Girl And a A Shark who must Meet a Mad Scientist in Ancient China,2006,1,0,7,2.99,156,15,G,"Trailers,Behind the Scenes",2006-02-15 05:03:00
374.00,Graffiti Love,A Unbelieveable Epistle of a Sumo Wrestler And a Hunter who must Build a Composer in Berlin,2006,1,0,3,0.99,117,30,PG,"Trailers,Deleted Scenes",2006-02-15 05:03:00
375.00,Grail Frankenstein,A Unbelieveable Saga of a Teacher And a Monkey who must Fight a Girl in An Abandoned Mine Shaft,2006,1,0,4,2.99,85,18,NC-17,"Commentaries,Deleted Scenes,Behind the Scenes",2006-02-15 05:03:00
376.00,Grapes Fury,A Boring Yarn of a Mad Cow And a Sumo Wrestler who must Meet a Robot in Australia,2006,1,0,4,0.99,155,21,G,"Commentaries,Behind the Scenes",2006-02-15 05:03:00
377.00,Grease Youth,A Emotional Panorama of a Secret Agent And a Waitress who must Escape a Composer in Soviet Georgia,2006,1,0,7,0.99,135,21,G,"Trailers,Deleted Scenes",2006-02-15 05:03:00
378.00,Greatest North,A Astounding Character Study of a Secret Agent And a Robot who must Build a A Shark in Berlin,2006,1,0,5,2.99,93,25,NC-17,"Trailers,Commentaries,Behind the Scenes",2006-02-15 05:03:00
379.00,Greedy Roots,A Amazing Reflection of a A Shark And a Butler who must Chase a Hunter in The Canadian Rockies,2006,1,0,7,0.99,166,15,R,"Trailers,Commentaries,Deleted Scenes",2006-02-15 05:03:00
380.00,Greek Everyone,A Stunning Display of a Butler And a Teacher who must Confront a A Shark in The First Manned Space Station,2006,1,0,7,2.99,176,12,PG,"Trailers,Deleted Scenes",2006-02-15 05:03:00
381.00,Grinch Massage,A Intrepid Display of a Madman And a Feminist who must Pursue a Pioneer in The First Manned Space Station,2006,1,0,7,4.99,150,26,R,Trailers,2006-02-15 05:03:00
382.00,Grit Clockwork,A Thoughtful Display of a Dentist And a Squirrel who must Confront a Lumberjack in A Shark Tank,2006,1,0,3,0.99,137,22,PG,"Trailers,Deleted Scenes",2006-02-15 05:03:00
383.00,Groove Fiction,A Unbelieveable Reflection of a Moose And a A Shark who must Defeat a Lumberjack in An Abandoned Mine Shaft,2006,1,0,6,0.99,111,14,NC-17,Behind the Scenes,2006-02-15 05:03:00
384.00,Grosse Wonderful,A Epic Drama of a Cat And a Explorer who must Redeem a Moose in Australia,2006,1,0,5,4.99,49,20,R,Behind the Scenes,2006-02-15 05:03:00
385.00,Groundhog Uncut,A Brilliant Panorama of a Astronaut And a Technical Writer who must Discover a Butler in A Manhattan Penthouse,2006,1,0,6,4.99,139,27,PG-13,"Trailers,Commentaries,Deleted Scenes,Behind the Scenes",2006-02-15 05:03:00
386.00,Gump Date,A Intrepid Yarn of a Explorer And a Student who must Kill a Husband in An Abandoned Mine Shaft,2006,1,0,3,4.99,53,13,NC-17,Deleted Scenes,2006-02-15 05:03:00
387.00,Gun Bonnie,A Boring Display of a Sumo Wrestler And a Husband who must Build a Waitress in The Gulf of Mexico,2006,1,0,7,0.99,100,28,G,Behind the Scenes,2006-02-15 05:03:00
388.00,Gunfight Moon,A Epic Reflection of a Pastry Chef And a Explorer who must Reach a Dentist in The Sahara Desert,2006,1,0,5,0.99,70,17,NC-17,"Deleted Scenes,Behind the Scenes",2006-02-15 05:03:00
389.00,Gunfighter Mussolini,A Touching Saga of a Robot And a Boy who must Kill a Man in Ancient Japan,2006,1,0,3,2.99,127,10,PG-13,"Trailers,Commentaries",2006-02-15 05:03:00
390.00,Guys Falcon,A Boring Story of a Woman And a Feminist who must Redeem a Squirrel in A U-Boat,2006,1,0,4,4.99,84,21,R,"Trailers,Commentaries,Behind the Scenes",2006-02-15 05:03:00
391.00,Half Outfield,A Epic Epistle of a Database Administrator And a Crocodile who must Face a Madman in A Jet Boat,2006,1,0,6,2.99,146,26,PG-13,"Trailers,Commentaries,Deleted Scenes,Behind the Scenes",2006-02-15 05:03:00
392.00,Hall Cassidy,A Beautiful Panorama of a Pastry Chef And a A Shark who must Battle a Pioneer in Soviet Georgia,2006,1,0,5,4.99,51,14,NC-17,"Commentaries,Behind the Scenes",2006-02-15 05:03:00
393.00,Halloween Nuts,A Amazing Panorama of a Forensic Psychologist And a Technical Writer who must Fight a Dentist in A U-Boat,2006,1,0,6,2.99,47,20,PG-13,Deleted Scenes,2006-02-15 05:03:00
394.00,Hamlet Wisdom,A Touching Reflection of a Man And a Man who must Sink a Robot in The Outback,2006,1,0,7,2.99,146,22,R,"Trailers,Deleted Scenes",2006-02-15 05:03:00
395.00,Handicap Boondock,A Beautiful Display of a Pioneer And a Squirrel who must Vanquish a Sumo Wrestler in Soviet Georgia,2006,1,0,4,0.99,108,29,R,"Commentaries,Deleted Scenes,Behind the Scenes",2006-02-15 05:03:00
396.00,Hanging Deep,A Action-Packed Yarn of a Boat And a Crocodile who must Build a Monkey in Berlin,2006,1,0,5,4.99,62,19,G,"Trailers,Commentaries,Deleted Scenes",2006-02-15 05:03:00
397.00,Hanky October,A Boring Epistle of a Database Administrator And a Explorer who must Pursue a Madman in Soviet Georgia,2006,1,0,5,2.99,107,27,NC-17,"Trailers,Commentaries,Deleted Scenes",2006-02-15 05:03:00
398.00,Hanover Galaxy,A Stunning Reflection of a Girl And a Secret Agent who must Succumb a Boy in A MySQL Convention,2006,1,0,5,4.99,47,22,NC-17,"Commentaries,Deleted Scenes,Behind the Scenes",2006-02-15 05:03:00
399.00,Happiness United,A Action-Packed Panorama of a Husband And a Feminist who must Meet a Forensic Psychologist in Ancient Japan,2006,1,0,6,2.99,100,24,G,Deleted Scenes,2006-02-15 05:03:00
400.00,Hardly Robbers,A Emotional Character Study of a Hunter And a Car who must Kill a Woman in Berlin,2006,1,0,7,2.99,72,16,R,"Trailers,Behind the Scenes",2006-02-15 05:03:00
401.00,Harold French,A Stunning Saga of a Sumo Wrestler And a Student who must Outrace a Moose in The Sahara Desert,2006,1,0,6,0.99,168,11,NC-17,"Commentaries,Deleted Scenes,Behind the Scenes",2006-02-15 05:03:00
402.00,Harper Dying,A Awe-Inspiring Reflection of a Woman And a Cat who must Confront a Feminist in The Sahara Desert,2006,1,0,3,0.99,52,16,G,Trailers,2006-02-15 05:03:00
403.00,Harry Idaho,A Taut Yarn of a Technical Writer And a Feminist who must Outrace a Dog in California,2006,1,0,5,4.99,121,19,PG-13,"Commentaries,Deleted Scenes",2006-02-15 05:03:00
404.00,Hate Handicap,A Intrepid Reflection of a Mad Scientist And a Pioneer who must Overcome a Hunter in The First Manned Space Station,2006,1,0,4,0.99,107,27,PG,"Trailers,Commentaries,Behind the Scenes",2006-02-15 05:03:00
405.00,Haunted Antitrust,A Amazing Saga of a Man And a Dentist who must Reach a Technical Writer in Ancient India,2006,1,0,6,4.99,76,14,NC-17,"Trailers,Deleted Scenes",2006-02-15 05:03:00
406.00,Haunting Pianist,A Fast-Paced Story of a Database Administrator And a Composer who must Defeat a Squirrel in An Abandoned Amusement Park,2006,1,0,5,0.99,181,23,R,Behind the Scenes,2006-02-15 05:03:00
407.00,Hawk Chill,A Action-Packed Drama of a Mad Scientist And a Composer who must Outgun a Car in Australia,2006,1,0,5,0.99,47,13,PG-13,Behind the Scenes,2006-02-15 05:03:00
408.00,Head Stranger,A Thoughtful Saga of a Hunter And a Crocodile who must Confront a Dog in The Gulf of Mexico,2006,1,0,4,4.99,69,29,R,"Trailers,Commentaries",2006-02-15 05:03:00
409.00,Heartbreakers Bright,A Awe-Inspiring Documentary of a A Shark And a Dentist who must Outrace a Pastry Chef in The Canadian Rockies,2006,1,0,3,4.99,59,10,G,"Trailers,Deleted Scenes",2006-02-15 05:03:00
410.00,Heaven Freedom,A Intrepid Story of a Butler And a Car who must Vanquish a Man in New Orleans,2006,1,0,7,2.99,48,20,PG,Commentaries,2006-02-15 05:03:00
411.00,Heavenly Gun,A Beautiful Yarn of a Forensic Psychologist And a Frisbee who must Battle a Moose in A Jet Boat,2006,1,0,5,4.99,49,14,NC-17,Behind the Scenes,2006-02-15 05:03:00
412.00,Heavyweights Beast,A Unbelieveable Story of a Composer And a Dog who must Overcome a Womanizer in An Abandoned Amusement Park,2006,1,0,6,4.99,102,26,G,Deleted Scenes,2006-02-15 05:03:00
413.00,Hedwig Alter,A Action-Packed Yarn of a Womanizer And a Lumberjack who must Chase a Sumo Wrestler in A Monastery,2006,1,0,7,2.99,169,17,NC-17,"Trailers,Commentaries,Behind the Scenes",2006-02-15 05:03:00
414.00,Hellfighters Sierra,A Taut Reflection of a A Shark And a Dentist who must Battle a Boat in Soviet Georgia,2006,1,0,3,2.99,75,24,PG,"Deleted Scenes,Behind the Scenes",2006-02-15 05:03:00
415.00,High Encino,A Fateful Saga of a Waitress And a Hunter who must Outrace a Sumo Wrestler in Australia,2006,1,0,3,2.99,84,24,R,"Trailers,Commentaries,Behind the Scenes",2006-02-15 05:03:00
416.00,Highball Potter,A Action-Packed Saga of a Husband And a Dog who must Redeem a Database Administrator in The Sahara Desert,2006,1,0,6,0.99,110,11,R,Deleted Scenes,2006-02-15 05:03:00
417.00,Hills Neighbors,A Epic Display of a Hunter And a Feminist who must Sink a Car in A U-Boat,2006,1,0,5,0.99,93,30,G,"Trailers,Commentaries,Deleted Scenes,Behind the Scenes",2006-02-15 05:03:00
418.00,Hobbit Alien,A Emotional Drama of a Husband And a Girl who must Outgun a Composer in The First Manned Space Station,2006,1,0,5,0.99,157,28,PG-13,Commentaries,2006-02-15 05:03:00
419.00,Hocus Frida,A Awe-Inspiring Tale of a Girl And a Madman who must Outgun a Student in A Shark Tank,2006,1,0,4,2.99,141,20,G,"Trailers,Deleted Scenes,Behind the Scenes",2006-02-15 05:03:00
420.00,Holes Brannigan,A Fast-Paced Reflection of a Technical Writer And a Student who must Fight a Boy in The Canadian Rockies,2006,1,0,7,4.99,128,28,PG,"Commentaries,Behind the Scenes",2006-02-15 05:03:00
421.00,Holiday Games,A Insightful Reflection of a Waitress And a Madman who must Pursue a Boy in Ancient Japan,2006,1,0,7,4.99,78,11,PG-13,"Trailers,Commentaries,Behind the Scenes",2006-02-15 05:03:00
422.00,Hollow Jeopardy,A Beautiful Character Study of a Robot And a Astronaut who must Overcome a Boat in A Monastery,2006,1,0,7,4.99,136,26,NC-17,Behind the Scenes,2006-02-15 05:03:00
423.00,Hollywood Anonymous,A Fast-Paced Epistle of a Boy And a Explorer who must Escape a Dog in A U-Boat,2006,1,0,7,0.99,69,30,PG,"Trailers,Behind the Scenes",2006-02-15 05:03:00
424.00,Holocaust Highball,A Awe-Inspiring Yarn of a Composer And a Man who must Find a Robot in Soviet Georgia,2006,1,0,6,0.99,149,13,R,Deleted Scenes,2006-02-15 05:03:00
425.00,Holy Tadpole,A Action-Packed Display of a Feminist And a Pioneer who must Pursue a Dog in A Baloon Factory,2006,1,0,6,0.99,88,21,R,Behind the Scenes,2006-02-15 05:03:00
426.00,Home Pity,A Touching Panorama of a Man And a Secret Agent who must Challenge a Teacher in A MySQL Convention,2006,1,0,7,4.99,185,16,R,"Trailers,Commentaries,Behind the Scenes",2006-02-15 05:03:00
427.00,Homeward Cider,A Taut Reflection of a Astronaut And a Squirrel who must Fight a Squirrel in A Manhattan Penthouse,2006,1,0,5,0.99,103,20,R,Trailers,2006-02-15 05:03:00
428.00,Homicide Peach,A Astounding Documentary of a Hunter And a Boy who must Confront a Boy in A MySQL Convention,2006,1,0,6,2.99,141,22,PG-13,Commentaries,2006-02-15 05:03:00
429.00,Honey Ties,A Taut Story of a Waitress And a Crocodile who must Outrace a Lumberjack in A Shark Tank,2006,1,0,3,0.99,84,30,R,"Trailers,Commentaries,Deleted Scenes",2006-02-15 05:03:00
430.00,Hook Chariots,A Insightful Story of a Boy And a Dog who must Redeem a Boy in Australia,2006,1,0,7,0.99,49,24,G,"Trailers,Commentaries,Behind the Scenes",2006-02-15 05:03:00
431.00,Hoosiers Birdcage,A Astounding Display of a Explorer And a Boat who must Vanquish a Car in The First Manned Space Station,2006,1,0,3,2.99,176,13,G,"Trailers,Commentaries,Deleted Scenes",2006-02-15 05:03:00
432.00,Hope Tootsie,A Amazing Documentary of a Student And a Sumo Wrestler who must Outgun a A Shark in A Shark Tank,2006,1,0,4,2.99,139,23,NC-17,"Trailers,Deleted Scenes,Behind the Scenes",2006-02-15 05:03:00
433.00,Horn Working,A Stunning Display of a Mad Scientist And a Technical Writer who must Succumb a Monkey in A Shark Tank,2006,1,0,4,2.99,95,24,PG,Trailers,2006-02-15 05:03:00
434.00,Horror Reign,A Touching Documentary of a A Shark And a Car who must Build a Husband in Nigeria,2006,1,0,3,0.99,139,26,R,"Deleted Scenes,Behind the Scenes",2006-02-15 05:03:00
435.00,Hotel Happiness,A Thrilling Yarn of a Pastry Chef And a A Shark who must Challenge a Mad Scientist in The Outback,2006,1,0,6,4.99,181,29,PG-13,Behind the Scenes,2006-02-15 05:03:00
436.00,Hours Rage,A Fateful Story of a Explorer And a Feminist who must Meet a Technical Writer in Soviet Georgia,2006,1,0,4,0.99,122,15,NC-17,"Trailers,Deleted Scenes",2006-02-15 05:03:00
437.00,House Dynamite,A Taut Story of a Pioneer And a Squirrel who must Battle a Student in Soviet Georgia,2006,1,0,7,2.99,109,14,R,"Commentaries,Deleted Scenes,Behind the Scenes",2006-02-15 05:03:00
438.00,Human Graffiti,A Beautiful Reflection of a Womanizer And a Sumo Wrestler who must Chase a Database Administrator in The Gulf of Mexico,2006,1,0,3,2.99,68,23,NC-17,"Trailers,Behind the Scenes",2006-02-15 05:03:00
439.00,Hunchback Impossible,A Touching Yarn of a Frisbee And a Dentist who must Fight a Composer in Ancient Japan,2006,1,0,4,4.99,151,29,PG-13,"Trailers,Deleted Scenes",2006-02-15 05:03:00
440.00,Hunger Roof,A Unbelieveable Yarn of a Student And a Database Administrator who must Outgun a Husband in An Abandoned Mine Shaft,2006,1,0,6,0.99,105,22,G,"Deleted Scenes,Behind the Scenes",2006-02-15 05:03:00
441.00,Hunter Alter,A Emotional Drama of a Mad Cow And a Boat who must Redeem a Secret Agent in A Shark Tank,2006,1,0,5,2.99,125,22,PG-13,"Commentaries,Deleted Scenes,Behind the Scenes",2006-02-15 05:03:00
442.00,Hunting Musketeers,A Thrilling Reflection of a Pioneer And a Dentist who must Outrace a Womanizer in An Abandoned Mine Shaft,2006,1,0,6,2.99,65,25,NC-17,"Trailers,Deleted Scenes",2006-02-15 05:03:00
443.00,Hurricane Affair,A Lacklusture Epistle of a Database Administrator And a Woman who must Meet a Hunter in An Abandoned Mine Shaft,2006,1,0,6,2.99,49,12,PG,"Trailers,Commentaries,Behind the Scenes",2006-02-15 05:03:00
444.00,Hustler Party,A Emotional Reflection of a Sumo Wrestler And a Monkey who must Conquer a Robot in The Sahara Desert,2006,1,0,3,4.99,83,23,NC-17,"Trailers,Commentaries,Behind the Scenes",2006-02-15 05:03:00
445.00,Hyde Doctor,A Fanciful Documentary of a Boy And a Woman who must Redeem a Womanizer in A Jet Boat,2006,1,0,5,2.99,100,12,G,"Trailers,Deleted Scenes",2006-02-15 05:03:00
446.00,Hysterical Grail,A Amazing Saga of a Madman And a Dentist who must Build a Car in A Manhattan Penthouse,2006,1,0,5,4.99,150,20,PG,"Trailers,Commentaries,Deleted Scenes",2006-02-15 05:03:00
447.00,Ice Crossing,A Fast-Paced Tale of a Butler And a Moose who must Overcome a Pioneer in A Manhattan Penthouse,2006,1,0,5,2.99,131,29,R,Deleted Scenes,2006-02-15 05:03:00
448.00,Idaho Love,A Fast-Paced Drama of a Student And a Crocodile who must Meet a Database Administrator in The Outback,2006,1,0,3,2.99,172,26,PG-13,"Trailers,Commentaries,Deleted Scenes,Behind the Scenes",2006-02-15 05:03:00
449.00,Identity Lover,A Boring Tale of a Composer And a Mad Cow who must Defeat a Car in The Outback,2006,1,0,4,2.99,119,13,PG-13,Deleted Scenes,2006-02-15 05:03:00
450.00,Idols Snatchers,A Insightful Drama of a Car And a Composer who must Fight a Man in A Monastery,2006,1,0,5,2.99,84,30,NC-17,Trailers,2006-02-15 05:03:00
451.00,Igby Maker,A Epic Documentary of a Hunter And a Dog who must Outgun a Dog in A Baloon Factory,2006,1,0,7,4.99,160,13,NC-17,"Trailers,Behind the Scenes",2006-02-15 05:03:00
452.00,Illusion Amelie,A Emotional Epistle of a Boat And a Mad Scientist who must Outrace a Robot in An Abandoned Mine Shaft,2006,1,0,4,0.99,122,16,R,"Commentaries,Behind the Scenes",2006-02-15 05:03:00
453.00,Image Princess,A Lacklusture Panorama of a Secret Agent And a Crocodile who must Discover a Madman in The Canadian Rockies,2006,1,0,3,2.99,178,18,PG-13,"Trailers,Commentaries,Deleted Scenes",2006-02-15 05:03:00
454.00,Impact Aladdin,A Epic Character Study of a Frisbee And a Moose who must Outgun a Technical Writer in A Shark Tank,2006,1,0,6,0.99,180,21,PG-13,"Trailers,Deleted Scenes",2006-02-15 05:03:00
455.00,Impossible Prejudice,A Awe-Inspiring Yarn of a Monkey And a Hunter who must Chase a Teacher in Ancient China,2006,1,0,7,4.99,103,12,NC-17,Deleted Scenes,2006-02-15 05:03:00
456.00,Inch Jet,A Fateful Saga of a Womanizer And a Student who must Defeat a Butler in A Monastery,2006,1,0,6,4.99,167,19,NC-17,Deleted Scenes,2006-02-15 05:03:00
457.00,Independence Hotel,A Thrilling Tale of a Technical Writer And a Boy who must Face a Pioneer in A Monastery,2006,1,0,5,0.99,157,22,NC-17,"Trailers,Behind the Scenes",2006-02-15 05:03:00
458.00,Indian Love,A Insightful Saga of a Mad Scientist And a Mad Scientist who must Kill a Astronaut in An Abandoned Fun House,2006,1,0,4,0.99,135,27,NC-17,"Trailers,Commentaries,Deleted Scenes,Behind the Scenes",2006-02-15 05:03:00
459.00,Informer Double,A Action-Packed Display of a Woman And a Dentist who must Redeem a Forensic Psychologist in The Canadian Rockies,2006,1,0,4,4.99,74,24,NC-17,"Trailers,Commentaries",2006-02-15 05:03:00
460.00,Innocent Usual,A Beautiful Drama of a Pioneer And a Crocodile who must Challenge a Student in The Outback,2006,1,0,3,4.99,178,27,PG-13,"Trailers,Deleted Scenes,Behind the Scenes",2006-02-15 05:03:00
461.00,Insects Stone,A Epic Display of a Butler And a Dog who must Vanquish a Crocodile in A Manhattan Penthouse,2006,1,0,3,0.99,123,15,NC-17,"Trailers,Commentaries,Behind the Scenes",2006-02-15 05:03:00
462.00,Insider Arizona,A Astounding Saga of a Mad Scientist And a Hunter who must Pursue a Robot in A Baloon Factory,2006,1,0,5,2.99,78,18,NC-17,Commentaries,2006-02-15 05:03:00
463.00,Instinct Airport,A Touching Documentary of a Mad Cow And a Explorer who must Confront a Butler in A Manhattan Penthouse,2006,1,0,4,2.99,116,22,PG,"Commentaries,Deleted Scenes",2006-02-15 05:03:00
464.00,Intentions Empire,A Astounding Epistle of a Cat And a Cat who must Conquer a Mad Cow in A U-Boat,2006,1,0,3,2.99,107,14,PG-13,"Trailers,Behind the Scenes",2006-02-15 05:03:00
465.00,Interview Liaisons,A Action-Packed Reflection of a Student And a Butler who must Discover a Database Administrator in A Manhattan Penthouse,2006,1,0,4,4.99,59,18,R,"Commentaries,Behind the Scenes",2006-02-15 05:03:00
466.00,Intolerable Intentions,A Awe-Inspiring Story of a Monkey And a Pastry Chef who must Succumb a Womanizer in A MySQL Convention,2006,1,0,6,4.99,63,21,PG-13,"Commentaries,Behind the Scenes",2006-02-15 05:03:00
467.00,Intrigue Worst,A Fanciful Character Study of a Explorer And a Mad Scientist who must Vanquish a Squirrel in A Jet Boat,2006,1,0,6,0.99,181,11,G,Deleted Scenes,2006-02-15 05:03:00
468.00,Invasion Cyclone,A Lacklusture Character Study of a Mad Scientist And a Womanizer who must Outrace a Explorer in A Monastery,2006,1,0,5,2.99,97,13,PG,"Trailers,Deleted Scenes",2006-02-15 05:03:00
469.00,Iron Moon,A Fast-Paced Documentary of a Mad Cow And a Boy who must Pursue a Dentist in A Baloon,2006,1,0,7,4.99,46,28,PG,"Commentaries,Behind the Scenes",2006-02-15 05:03:00
470.00,Ishtar Rocketeer,A Astounding Saga of a Dog And a Squirrel who must Conquer a Dog in An Abandoned Fun House,2006,1,0,4,4.99,79,25,R,"Trailers,Commentaries,Deleted Scenes",2006-02-15 05:03:00
471.00,Island Exorcist,A Fanciful Panorama of a Technical Writer And a Boy who must Find a Dentist in An Abandoned Fun House,2006,1,0,7,2.99,84,24,NC-17,"Trailers,Commentaries",2006-02-15 05:03:00
472.00,Italian African,A Astounding Character Study of a Monkey And a Moose who must Outgun a Cat in A U-Boat,2006,1,0,3,4.99,174,25,G,"Trailers,Commentaries,Deleted Scenes",2006-02-15 05:03:00
473.00,Jacket Frisco,A Insightful Reflection of a Womanizer And a Husband who must Conquer a Pastry Chef in A Baloon,2006,1,0,5,2.99,181,17,PG-13,"Trailers,Deleted Scenes,Behind the Scenes",2006-02-15 05:03:00
474.00,Jade Bunch,A Insightful Panorama of a Squirrel And a Mad Cow who must Confront a Student in The First Manned Space Station,2006,1,0,6,2.99,174,22,NC-17,"Trailers,Commentaries,Behind the Scenes",2006-02-15 05:03:00
475.00,Japanese Run,A Awe-Inspiring Epistle of a Feminist And a Girl who must Sink a Girl in The Outback,2006,1,0,6,0.99,135,30,G,Deleted Scenes,2006-02-15 05:03:00
476.00,Jason Trap,A Thoughtful Tale of a Woman And a A Shark who must Conquer a Dog in A Monastery,2006,1,0,5,2.99,130,10,NC-17,"Trailers,Deleted Scenes,Behind the Scenes",2006-02-15 05:03:00
477.00,Jawbreaker Brooklyn,A Stunning Reflection of a Boat And a Pastry Chef who must Succumb a A Shark in A Jet Boat,2006,1,0,5,0.99,118,16,PG,"Trailers,Behind the Scenes",2006-02-15 05:03:00
478.00,Jaws Harry,A Thrilling Display of a Database Administrator And a Monkey who must Overcome a Dog in An Abandoned Fun House,2006,1,0,4,2.99,112,11,G,Deleted Scenes,2006-02-15 05:03:00
479.00,Jedi Beneath,A Astounding Reflection of a Explorer And a Dentist who must Pursue a Student in Nigeria,2006,1,0,7,0.99,128,13,PG,"Trailers,Commentaries,Deleted Scenes",2006-02-15 05:03:00
480.00,Jeepers Wedding,A Astounding Display of a Composer And a Dog who must Kill a Pastry Chef in Soviet Georgia,2006,1,0,3,2.99,84,30,R,"Trailers,Commentaries,Deleted Scenes",2006-02-15 05:03:00
481.00,Jekyll Frogmen,A Fanciful Epistle of a Student And a Astronaut who must Kill a Waitress in A Shark Tank,2006,1,0,4,2.99,58,23,PG,"Commentaries,Deleted Scenes,Behind the Scenes",2006-02-15 05:03:00
482.00,Jeopardy Encino,A Boring Panorama of a Man And a Mad Cow who must Face a Explorer in Ancient India,2006,1,0,3,0.99,102,13,R,"Trailers,Commentaries",2006-02-15 05:03:00
483.00,Jericho Mulan,A Amazing Yarn of a Hunter And a Butler who must Defeat a Boy in A Jet Boat,2006,1,0,3,2.99,171,30,NC-17,Commentaries,2006-02-15 05:03:00
484.00,Jerk Paycheck,A Touching Character Study of a Pastry Chef And a Database Administrator who must Reach a A Shark in Ancient Japan,2006,1,0,3,2.99,172,14,NC-17,"Trailers,Commentaries,Deleted Scenes,Behind the Scenes",2006-02-15 05:03:00
485.00,Jersey Sassy,A Lacklusture Documentary of a Madman And a Mad Cow who must Find a Feminist in Ancient Japan,2006,1,0,6,4.99,60,17,PG,"Deleted Scenes,Behind the Scenes",2006-02-15 05:03:00
486.00,Jet Neighbors,A Amazing Display of a Lumberjack And a Teacher who must Outrace a Woman in A U-Boat,2006,1,0,7,4.99,59,15,R,"Trailers,Commentaries,Behind the Scenes",2006-02-15 05:03:00
487.00,Jingle Sagebrush,A Epic Character Study of a Feminist And a Student who must Meet a Woman in A Baloon,2006,1,0,6,4.99,124,30,PG-13,"Trailers,Commentaries",2006-02-15 05:03:00
488.00,Joon Northwest,A Thrilling Panorama of a Technical Writer And a Car who must Discover a Forensic Psychologist in A Shark Tank,2006,1,0,3,0.99,105,24,NC-17,"Trailers,Commentaries,Behind the Scenes",2006-02-15 05:03:00
489.00,Juggler Hardly,A Epic Story of a Mad Cow And a Astronaut who must Challenge a Car in California,2006,1,0,4,0.99,54,15,PG-13,"Trailers,Commentaries",2006-02-15 05:03:00
490.00,Jumanji Blade,A Intrepid Yarn of a Husband And a Womanizer who must Pursue a Mad Scientist in New Orleans,2006,1,0,4,2.99,121,14,G,"Commentaries,Behind the Scenes",2006-02-15 05:03:00
491.00,Jumping Wrath,A Touching Epistle of a Monkey And a Feminist who must Discover a Boat in Berlin,2006,1,0,4,0.99,74,19,NC-17,"Commentaries,Behind the Scenes",2006-02-15 05:03:00
492.00,Jungle Closer,A Boring Character Study of a Boy And a Woman who must Battle a Astronaut in Australia,2006,1,0,6,0.99,134,12,NC-17,"Trailers,Commentaries,Deleted Scenes",2006-02-15 05:03:00
493.00,Kane Exorcist,A Epic Documentary of a Composer And a Robot who must Overcome a Car in Berlin,2006,1,0,5,0.99,92,19,R,"Trailers,Commentaries",2006-02-15 05:03:00
494.00,Karate Moon,A Astounding Yarn of a Womanizer And a Dog who must Reach a Waitress in A MySQL Convention,2006,1,0,4,0.99,120,22,PG-13,Behind the Scenes,2006-02-15 05:03:00
495.00,Kentuckian Giant,A Stunning Yarn of a Woman And a Frisbee who must Escape a Waitress in A U-Boat,2006,1,0,5,2.99,169,11,PG,"Trailers,Commentaries,Deleted Scenes,Behind the Scenes",2006-02-15 05:03:00
496.00,Kick Savannah,A Emotional Drama of a Monkey And a Robot who must Defeat a Monkey in New Orleans,2006,1,0,3,0.99,179,11,PG-13,"Trailers,Commentaries,Deleted Scenes",2006-02-15 05:03:00
497.00,Kill Brotherhood,A Touching Display of a Hunter And a Secret Agent who must Redeem a Husband in The Outback,2006,1,0,4,0.99,54,16,G,"Trailers,Commentaries",2006-02-15 05:03:00
498.00,Killer Innocent,A Fanciful Character Study of a Student And a Explorer who must Succumb a Composer in An Abandoned Mine Shaft,2006,1,0,7,2.99,161,12,R,"Trailers,Commentaries,Deleted Scenes",2006-02-15 05:03:00
499.00,King Evolution,A Action-Packed Tale of a Boy And a Lumberjack who must Chase a Madman in A Baloon,2006,1,0,3,4.99,184,25,NC-17,"Trailers,Deleted Scenes,Behind the Scenes",2006-02-15 05:03:00
500.00,Kiss Glory,A Lacklusture Reflection of a Girl And a Husband who must Find a Robot in The Canadian Rockies,2006,1,0,5,4.99,163,12,PG-13,"Trailers,Commentaries,Behind the Scenes",2006-02-15 05:03:00
501.00,Kissing Dolls,A Insightful Reflection of a Pioneer And a Teacher who must Build a Composer in The First Manned Space Station,2006,1,0,3,4.99,141,10,R,Trailers,2006-02-15 05:03:00
502.00,Knock Warlock,A Unbelieveable Story of a Teacher And a Boat who must Confront a Moose in A Baloon,2006,1,0,4,2.99,71,22,PG-13,Trailers,2006-02-15 05:03:00
503.00,Kramer Chocolate,A Amazing Yarn of a Robot And a Pastry Chef who must Redeem a Mad Scientist in The Outback,2006,1,0,3,2.99,171,25,R,Trailers,2006-02-15 05:03:00
504.00,Kwai Homeward,A Amazing Drama of a Car And a Squirrel who must Pursue a Car in Soviet Georgia,2006,1,0,5,0.99,46,26,PG-13,"Trailers,Commentaries",2006-02-15 05:03:00
505.00,Labyrinth League,A Awe-Inspiring Saga of a Composer And a Frisbee who must Succumb a Pioneer in The Sahara Desert,2006,1,0,6,2.99,46,25,PG-13,"Commentaries,Behind the Scenes",2006-02-15 05:03:00
506.00,Lady Stage,A Beautiful Character Study of a Woman And a Man who must Pursue a Explorer in A U-Boat,2006,1,0,4,4.99,67,15,PG,"Trailers,Deleted Scenes,Behind the Scenes",2006-02-15 05:03:00
507.00,Ladybugs Armageddon,A Fateful Reflection of a Dog And a Mad Scientist who must Meet a Mad Scientist in New Orleans,2006,1,0,4,0.99,113,14,NC-17,Deleted Scenes,2006-02-15 05:03:00
508.00,Lambs Cincinatti,A Insightful Story of a Man And a Feminist who must Fight a Composer in Australia,2006,1,0,6,4.99,144,19,PG-13,"Trailers,Behind the Scenes",2006-02-15 05:03:00
509.00,Language Cowboy,A Epic Yarn of a Cat And a Madman who must Vanquish a Dentist in An Abandoned Amusement Park,2006,1,0,5,0.99,78,27,NC-17,"Trailers,Deleted Scenes",2006-02-15 05:03:00
510.00,Lawless Vision,A Insightful Yarn of a Boy And a Sumo Wrestler who must Outgun a Car in The Outback,2006,1,0,6,4.99,181,30,G,"Deleted Scenes,Behind the Scenes",2006-02-15 05:03:00
511.00,Lawrence Love,A Fanciful Yarn of a Database Administrator And a Mad Cow who must Pursue a Womanizer in Berlin,2006,1,0,7,0.99,175,24,NC-17,"Commentaries,Deleted Scenes,Behind the Scenes",2006-02-15 05:03:00
512.00,League Hellfighters,A Thoughtful Saga of a A Shark And a Monkey who must Outgun a Student in Ancient China,2006,1,0,5,4.99,110,26,PG-13,Trailers,2006-02-15 05:03:00
513.00,Leathernecks Dwarfs,A Fateful Reflection of a Dog And a Mad Cow who must Outrace a Teacher in An Abandoned Mine Shaft,2006,1,0,6,2.99,153,22,PG-13,"Trailers,Commentaries,Behind the Scenes",2006-02-15 05:03:00
514.00,Lebowski Soldiers,A Beautiful Epistle of a Secret Agent And a Pioneer who must Chase a Astronaut in Ancient China,2006,1,0,6,2.99,69,18,PG-13,"Commentaries,Deleted Scenes",2006-02-15 05:03:00
515.00,Legally Secretary,A Astounding Tale of a A Shark And a Moose who must Meet a Womanizer in The Sahara Desert,2006,1,0,7,4.99,113,15,PG,"Trailers,Commentaries,Behind the Scenes",2006-02-15 05:03:00
516.00,Legend Jedi,A Awe-Inspiring Epistle of a Pioneer And a Student who must Outgun a Crocodile in The Outback,2006,1,0,7,0.99,59,19,PG,"Commentaries,Deleted Scenes",2006-02-15 05:03:00
517.00,Lesson Cleopatra,A Emotional Display of a Man And a Explorer who must Build a Boy in A Manhattan Penthouse,2006,1,0,3,0.99,167,29,NC-17,"Deleted Scenes,Behind the Scenes",2006-02-15 05:03:00
518.00,Liaisons Sweet,A Boring Drama of a A Shark And a Explorer who must Redeem a Waitress in The Canadian Rockies,2006,1,0,5,4.99,140,16,PG,"Commentaries,Behind the Scenes",2006-02-15 05:03:00
519.00,Liberty Magnificent,A Boring Drama of a Student And a Cat who must Sink a Technical Writer in A Baloon,2006,1,0,3,2.99,138,28,G,"Commentaries,Deleted Scenes,Behind the Scenes",2006-02-15 05:03:00
520.00,License Weekend,A Insightful Story of a Man And a Husband who must Overcome a Madman in A Monastery,2006,1,0,7,2.99,91,29,NC-17,"Deleted Scenes,Behind the Scenes",2006-02-15 05:03:00
521.00,Lies Treatment,A Fast-Paced Character Study of a Dentist And a Moose who must Defeat a Composer in The First Manned Space Station,2006,1,0,7,4.99,147,29,NC-17,"Commentaries,Deleted Scenes,Behind the Scenes",2006-02-15 05:03:00
522.00,Life Twisted,A Thrilling Reflection of a Teacher And a Composer who must Find a Man in The First Manned Space Station,2006,1,0,4,2.99,137,10,NC-17,"Commentaries,Deleted Scenes",2006-02-15 05:03:00
523.00,Lights Deer,A Unbelieveable Epistle of a Dog And a Woman who must Confront a Moose in The Gulf of Mexico,2006,1,0,7,0.99,174,22,R,Commentaries,2006-02-15 05:03:00
524.00,Lion Uncut,A Intrepid Display of a Pastry Chef And a Cat who must Kill a A Shark in Ancient China,2006,1,0,6,0.99,50,14,PG,"Trailers,Deleted Scenes",2006-02-15 05:03:00
525.00,Loathing Legally,A Boring Epistle of a Pioneer And a Mad Scientist who must Escape a Frisbee in The Gulf of Mexico,2006,1,0,4,0.99,140,30,R,Deleted Scenes,2006-02-15 05:03:00
526.00,Lock Rear,A Thoughtful Character Study of a Squirrel And a Technical Writer who must Outrace a Student in Ancient Japan,2006,1,0,7,2.99,120,11,R,"Trailers,Commentaries",2006-02-15 05:03:00
527.00,Lola Agent,A Astounding Tale of a Mad Scientist And a Husband who must Redeem a Database Administrator in Ancient Japan,2006,1,0,4,4.99,85,25,PG,"Trailers,Commentaries",2006-02-15 05:03:00
528.00,Lolita World,A Thrilling Drama of a Girl And a Robot who must Redeem a Waitress in An Abandoned Mine Shaft,2006,1,0,4,2.99,155,26,NC-17,"Trailers,Deleted Scenes",2006-02-15 05:03:00
529.00,Lonely Elephant,A Intrepid Story of a Student And a Dog who must Challenge a Explorer in Soviet Georgia,2006,1,0,3,2.99,67,13,G,"Trailers,Commentaries,Deleted Scenes,Behind the Scenes",2006-02-15 05:03:00
530.00,Lord Arizona,A Action-Packed Display of a Frisbee And a Pastry Chef who must Pursue a Crocodile in A Jet Boat,2006,1,0,5,2.99,108,28,PG-13,Trailers,2006-02-15 05:03:00
531.00,Lose Inch,A Stunning Reflection of a Student And a Technical Writer who must Battle a Butler in The First Manned Space Station,2006,1,0,3,0.99,137,19,R,"Trailers,Commentaries",2006-02-15 05:03:00
532.00,Loser Hustler,A Stunning Drama of a Robot And a Feminist who must Outgun a Butler in Nigeria,2006,1,0,5,4.99,80,29,PG,"Deleted Scenes,Behind the Scenes",2006-02-15 05:03:00
533.00,Lost Bird,A Emotional Character Study of a Robot And a A Shark who must Defeat a Technical Writer in A Manhattan Penthouse,2006,1,0,4,2.99,98,22,PG-13,Deleted Scenes,2006-02-15 05:03:00
534.00,Louisiana Harry,A Lacklusture Drama of a Girl And a Technical Writer who must Redeem a Monkey in A Shark Tank,2006,1,0,5,0.99,70,19,PG-13,Trailers,2006-02-15 05:03:00
535.00,Love Suicides,A Brilliant Panorama of a Hunter And a Explorer who must Pursue a Dentist in An Abandoned Fun House,2006,1,0,6,0.99,181,22,R,"Trailers,Behind the Scenes",2006-02-15 05:03:00
536.00,Lovely Jingle,A Fanciful Yarn of a Crocodile And a Forensic Psychologist who must Discover a Crocodile in The Outback,2006,1,0,3,2.99,65,19,PG,"Trailers,Behind the Scenes",2006-02-15 05:03:00
537.00,Lover Truman,A Emotional Yarn of a Robot And a Boy who must Outgun a Technical Writer in A U-Boat,2006,1,0,3,2.99,75,30,G,Trailers,2006-02-15 05:03:00
538.00,Loverboy Attacks,A Boring Story of a Car And a Butler who must Build a Girl in Soviet Georgia,2006,1,0,7,0.99,162,20,PG-13,"Trailers,Behind the Scenes",2006-02-15 05:03:00
539.00,Luck Opus,A Boring Display of a Moose And a Squirrel who must Outrace a Teacher in A Shark Tank,2006,1,0,7,2.99,152,22,NC-17,"Trailers,Commentaries,Behind the Scenes",2006-02-15 05:03:00
540.00,Lucky Flying,A Lacklusture Character Study of a A Shark And a Man who must Find a Forensic Psychologist in A U-Boat,2006,1,0,7,2.99,97,11,PG-13,"Trailers,Commentaries,Behind the Scenes",2006-02-15 05:03:00
541.00,Luke Mummy,A Taut Character Study of a Boy And a Robot who must Redeem a Mad Scientist in Ancient India,2006,1,0,5,2.99,74,22,NC-17,"Trailers,Behind the Scenes",2006-02-15 05:03:00
542.00,Lust Lock,A Fanciful Panorama of a Hunter And a Dentist who must Meet a Secret Agent in The Sahara Desert,2006,1,0,3,2.99,52,29,G,"Trailers,Commentaries,Behind the Scenes",2006-02-15 05:03:00
543.00,Madigan Dorado,A Astounding Character Study of a A Shark And a A Shark who must Discover a Crocodile in The Outback,2006,1,0,5,4.99,116,21,R,"Deleted Scenes,Behind the Scenes",2006-02-15 05:03:00
544.00,Madison Trap,A Awe-Inspiring Reflection of a Monkey And a Dentist who must Overcome a Pioneer in A U-Boat,2006,1,0,4,2.99,147,12,R,"Commentaries,Deleted Scenes,Behind the Scenes",2006-02-15 05:03:00
545.00,Madness Attacks,A Fanciful Tale of a Squirrel And a Boat who must Defeat a Crocodile in The Gulf of Mexico,2006,1,0,4,0.99,178,15,PG-13,Trailers,2006-02-15 05:03:00
546.00,Madre Gables,A Intrepid Panorama of a Sumo Wrestler And a Forensic Psychologist who must Discover a Moose in The First Manned Space Station,2006,1,0,7,2.99,98,28,PG-13,"Trailers,Commentaries,Deleted Scenes",2006-02-15 05:03:00
547.00,Magic Mallrats,A Touching Documentary of a Pastry Chef And a Pastry Chef who must Build a Mad Scientist in California,2006,1,0,3,0.99,117,20,PG,"Trailers,Commentaries",2006-02-15 05:03:00
548.00,Magnificent Chitty,A Insightful Story of a Teacher And a Hunter who must Face a Mad Cow in California,2006,1,0,3,2.99,53,28,R,"Commentaries,Deleted Scenes",2006-02-15 05:03:00
549.00,Magnolia Forrester,A Thoughtful Documentary of a Composer And a Explorer who must Conquer a Dentist in New Orleans,2006,1,0,4,0.99,171,29,PG-13,"Trailers,Commentaries,Deleted Scenes",2006-02-15 05:03:00
550.00,Maguire Apache,A Fast-Paced Reflection of a Waitress And a Hunter who must Defeat a Forensic Psychologist in A Baloon,2006,1,0,6,2.99,74,23,NC-17,"Trailers,Commentaries",2006-02-15 05:03:00
551.00,Maiden Home,A Lacklusture Saga of a Moose And a Teacher who must Kill a Forensic Psychologist in A MySQL Convention,2006,1,0,3,4.99,138,10,PG,Behind the Scenes,2006-02-15 05:03:00
552.00,Majestic Floats,A Thrilling Character Study of a Moose And a Student who must Escape a Butler in The First Manned Space Station,2006,1,0,5,0.99,130,16,PG,Trailers,2006-02-15 05:03:00
553.00,Maker Gables,A Stunning Display of a Moose And a Database Administrator who must Pursue a Composer in A Jet Boat,2006,1,0,4,0.99,136,13,PG-13,"Deleted Scenes,Behind the Scenes",2006-02-15 05:03:00
554.00,Malkovich Pet,A Intrepid Reflection of a Waitress And a A Shark who must Kill a Squirrel in The Outback,2006,1,0,6,2.99,159,23,G,Behind the Scenes,2006-02-15 05:03:00
555.00,Mallrats United,A Thrilling Yarn of a Waitress And a Dentist who must Find a Hunter in A Monastery,2006,1,0,4,0.99,133,26,PG,"Trailers,Commentaries,Deleted Scenes",2006-02-15 05:03:00
556.00,Maltese Hope,A Fast-Paced Documentary of a Crocodile And a Sumo Wrestler who must Conquer a Explorer in California,2006,1,0,6,4.99,127,27,PG-13,Behind the Scenes,2006-02-15 05:03:00
557.00,Manchurian Curtain,A Stunning Tale of a Mad Cow And a Boy who must Battle a Boy in Berlin,2006,1,0,5,2.99,177,28,PG,"Trailers,Commentaries",2006-02-15 05:03:00
558.00,Mannequin Worst,A Astounding Saga of a Mad Cow And a Pastry Chef who must Discover a Husband in Ancient India,2006,1,0,3,2.99,71,19,PG-13,"Trailers,Commentaries,Deleted Scenes",2006-02-15 05:03:00
559.00,Married Go,A Fanciful Story of a Womanizer And a Dog who must Face a Forensic Psychologist in The Sahara Desert,2006,1,0,7,2.99,114,23,G,Behind the Scenes,2006-02-15 05:03:00
560.00,Mars Roman,A Boring Drama of a Car And a Dog who must Succumb a Madman in Soviet Georgia,2006,1,0,6,0.99,62,22,NC-17,"Commentaries,Deleted Scenes",2006-02-15 05:03:00
561.00,Mask Peach,A Boring Character Study of a Student And a Robot who must Meet a Woman in California,2006,1,0,6,2.99,123,27,NC-17,"Commentaries,Deleted Scenes",2006-02-15 05:03:00
562.00,Masked Bubble,A Fanciful Documentary of a Pioneer And a Boat who must Pursue a Pioneer in An Abandoned Mine Shaft,2006,1,0,6,0.99,151,13,PG-13,"Commentaries,Behind the Scenes",2006-02-15 05:03:00
563.00,Massacre Usual,A Fateful Reflection of a Waitress And a Crocodile who must Challenge a Forensic Psychologist in California,2006,1,0,6,4.99,165,17,R,Commentaries,2006-02-15 05:03:00
564.00,Massage Image,A Fateful Drama of a Frisbee And a Crocodile who must Vanquish a Dog in The First Manned Space Station,2006,1,0,4,2.99,161,12,PG,"Commentaries,Behind the Scenes",2006-02-15 05:03:00
565.00,Matrix Snowman,A Action-Packed Saga of a Womanizer And a Woman who must Overcome a Student in California,2006,1,0,6,4.99,56,10,PG-13,"Commentaries,Deleted Scenes,Behind the Scenes",2006-02-15 05:03:00
566.00,Maude Mod,A Beautiful Documentary of a Forensic Psychologist And a Cat who must Reach a Astronaut in Nigeria,2006,1,0,6,0.99,72,21,R,"Trailers,Behind the Scenes",2006-02-15 05:03:00
567.00,Meet Chocolate,A Boring Documentary of a Dentist And a Butler who must Confront a Monkey in A MySQL Convention,2006,1,0,3,2.99,80,27,G,Trailers,2006-02-15 05:03:00
568.00,Memento Zoolander,A Touching Epistle of a Squirrel And a Explorer who must Redeem a Pastry Chef in The Sahara Desert,2006,1,0,4,4.99,77,12,NC-17,Behind the Scenes,2006-02-15 05:03:00
569.00,Menagerie Rushmore,A Unbelieveable Panorama of a Composer And a Butler who must Overcome a Database Administrator in The First Manned Space Station,2006,1,0,7,2.99,147,19,G,"Trailers,Commentaries,Deleted Scenes",2006-02-15 05:03:00
570.00,Mermaid Insects,A Lacklusture Drama of a Waitress And a Husband who must Fight a Husband in California,2006,1,0,5,4.99,104,21,NC-17,"Trailers,Behind the Scenes",2006-02-15 05:03:00
571.00,Metal Armageddon,A Thrilling Display of a Lumberjack And a Crocodile who must Meet a Monkey in A Baloon Factory,2006,1,0,6,2.99,161,27,PG-13,"Trailers,Commentaries,Deleted Scenes",2006-02-15 05:03:00
572.00,Metropolis Coma,A Emotional Saga of a Database Administrator And a Pastry Chef who must Confront a Teacher in A Baloon Factory,2006,1,0,4,2.99,64,10,PG-13,"Trailers,Commentaries,Behind the Scenes",2006-02-15 05:03:00
573.00,Microcosmos Paradise,A Touching Character Study of a Boat And a Student who must Sink a A Shark in Nigeria,2006,1,0,6,2.99,105,23,PG-13,Commentaries,2006-02-15 05:03:00
574.00,Midnight Westward,A Taut Reflection of a Husband And a A Shark who must Redeem a Pastry Chef in A Monastery,2006,1,0,3,0.99,86,20,G,"Trailers,Deleted Scenes",2006-02-15 05:03:00
575.00,Midsummer Groundhog,A Fateful Panorama of a Moose And a Dog who must Chase a Crocodile in Ancient Japan,2006,1,0,3,4.99,48,28,G,"Trailers,Deleted Scenes",2006-02-15 05:03:00
576.00,Mighty Luck,A Astounding Epistle of a Mad Scientist And a Pioneer who must Escape a Database Administrator in A MySQL Convention,2006,1,0,7,2.99,122,14,PG,Behind the Scenes,2006-02-15 05:03:00
577.00,Mile Mulan,A Lacklusture Epistle of a Cat And a Husband who must Confront a Boy in A MySQL Convention,2006,1,0,4,0.99,64,11,PG,"Deleted Scenes,Behind the Scenes",2006-02-15 05:03:00
578.00,Million Ace,A Brilliant Documentary of a Womanizer And a Squirrel who must Find a Technical Writer in The Sahara Desert,2006,1,0,4,4.99,142,17,PG-13,Deleted Scenes,2006-02-15 05:03:00
579.00,Minds Truman,A Taut Yarn of a Mad Scientist And a Crocodile who must Outgun a Database Administrator in A Monastery,2006,1,0,3,4.99,149,23,PG-13,"Deleted Scenes,Behind the Scenes",2006-02-15 05:03:00
580.00,Mine Titans,A Amazing Yarn of a Robot And a Womanizer who must Discover a Forensic Psychologist in Berlin,2006,1,0,3,4.99,166,13,PG-13,"Trailers,Deleted Scenes",2006-02-15 05:03:00
581.00,Minority Kiss,A Insightful Display of a Lumberjack And a Sumo Wrestler who must Meet a Man in The Outback,2006,1,0,4,0.99,59,17,G,Trailers,2006-02-15 05:03:00
582.00,Miracle Virtual,A Touching Epistle of a Butler And a Boy who must Find a Mad Scientist in The Sahara Desert,2006,1,0,3,2.99,162,20,PG-13,"Trailers,Deleted Scenes",2006-02-15 05:03:00
583.00,Mission Zoolander,A Intrepid Story of a Sumo Wrestler And a Teacher who must Meet a A Shark in An Abandoned Fun House,2006,1,0,3,4.99,164,27,PG-13,Behind the Scenes,2006-02-15 05:03:00
584.00,Mixed Doors,A Taut Drama of a Womanizer And a Lumberjack who must Succumb a Pioneer in Ancient India,2006,1,0,6,2.99,180,27,PG-13,Behind the Scenes,2006-02-15 05:03:00
585.00,Mob Duffel,A Unbelieveable Documentary of a Frisbee And a Boat who must Meet a Boy in The Canadian Rockies,2006,1,0,4,0.99,105,26,G,Trailers,2006-02-15 05:03:00
586.00,Mockingbird Hollywood,A Thoughtful Panorama of a Man And a Car who must Sink a Composer in Berlin,2006,1,0,4,0.99,60,28,PG,Behind the Scenes,2006-02-15 05:03:00
587.00,Mod Secretary,A Boring Documentary of a Mad Cow And a Cat who must Build a Lumberjack in New Orleans,2006,1,0,6,4.99,77,21,NC-17,"Commentaries,Behind the Scenes",2006-02-15 05:03:00
588.00,Model Fish,A Beautiful Panorama of a Boat And a Crocodile who must Outrace a Dog in Australia,2006,1,0,4,4.99,175,12,NC-17,"Trailers,Commentaries,Behind the Scenes",2006-02-15 05:03:00
589.00,Modern Dorado,A Awe-Inspiring Story of a Butler And a Sumo Wrestler who must Redeem a Boy in New Orleans,2006,1,0,3,0.99,74,21,PG,"Trailers,Commentaries,Deleted Scenes",2006-02-15 05:03:00
590.00,Money Harold,A Touching Tale of a Explorer And a Boat who must Defeat a Robot in Australia,2006,1,0,3,2.99,135,18,PG,"Trailers,Commentaries",2006-02-15 05:03:00
591.00,Monsoon Cause,A Astounding Tale of a Crocodile And a Car who must Outrace a Squirrel in A U-Boat,2006,1,0,6,4.99,182,21,PG,"Commentaries,Behind the Scenes",2006-02-15 05:03:00
592.00,Monster Spartacus,A Fast-Paced Story of a Waitress And a Cat who must Fight a Girl in Australia,2006,1,0,6,2.99,107,29,PG,"Commentaries,Behind the Scenes",2006-02-15 05:03:00
593.00,Monterey Labyrinth,A Awe-Inspiring Drama of a Monkey And a Composer who must Escape a Feminist in A U-Boat,2006,1,0,6,0.99,158,14,G,"Trailers,Commentaries",2006-02-15 05:03:00
594.00,Montezuma Command,A Thrilling Reflection of a Waitress And a Butler who must Battle a Butler in A Jet Boat,2006,1,0,6,0.99,126,23,NC-17,Trailers,2006-02-15 05:03:00
595.00,Moon Bunch,A Beautiful Tale of a Astronaut And a Mad Cow who must Challenge a Cat in A Baloon Factory,2006,1,0,7,0.99,83,21,PG,"Deleted Scenes,Behind the Scenes",2006-02-15 05:03:00
596.00,Moonshine Cabin,A Thoughtful Display of a Astronaut And a Feminist who must Chase a Frisbee in A Jet Boat,2006,1,0,4,4.99,171,26,PG-13,Behind the Scenes,2006-02-15 05:03:00
597.00,Moonwalker Fool,A Epic Drama of a Feminist And a Pioneer who must Sink a Composer in New Orleans,2006,1,0,5,4.99,184,13,G,"Trailers,Deleted Scenes",2006-02-15 05:03:00
598.00,Mosquito Armageddon,A Thoughtful Character Study of a Waitress And a Feminist who must Build a Teacher in Ancient Japan,2006,1,0,6,0.99,57,23,G,Trailers,2006-02-15 05:03:00
599.00,Mother Oleander,A Boring Tale of a Husband And a Boy who must Fight a Squirrel in Ancient China,2006,1,0,3,0.99,103,21,R,"Trailers,Commentaries",2006-02-15 05:03:00
600.00,Motions Details,A Awe-Inspiring Reflection of a Dog And a Student who must Kill a Car in An Abandoned Fun House,2006,1,0,5,0.99,166,17,PG,"Trailers,Commentaries,Behind the Scenes",2006-02-15 05:03:00
601.00,Moulin Wake,A Astounding Story of a Forensic Psychologist And a Cat who must Battle a Teacher in An Abandoned Mine Shaft,2006,1,0,4,0.99,79,21,PG-13,Trailers,2006-02-15 05:03:00
602.00,Mourning Purple,A Lacklusture Display of a Waitress And a Lumberjack who must Chase a Pioneer in New Orleans,2006,1,0,5,0.99,146,15,PG,"Trailers,Commentaries,Deleted Scenes,Behind the Scenes",2006-02-15 05:03:00
603.00,Movie Shakespeare,A Insightful Display of a Database Administrator And a Student who must Build a Hunter in Berlin,2006,1,0,6,4.99,53,28,PG,"Commentaries,Deleted Scenes,Behind the Scenes",2006-02-15 05:03:00
604.00,Mulan Moon,A Emotional Saga of a Womanizer And a Pioneer who must Overcome a Dentist in A Baloon,2006,1,0,4,0.99,160,11,G,Behind the Scenes,2006-02-15 05:03:00
605.00,Mulholland Beast,A Awe-Inspiring Display of a Husband And a Squirrel who must Battle a Sumo Wrestler in A Jet Boat,2006,1,0,7,2.99,157,14,PG,"Trailers,Deleted Scenes,Behind the Scenes",2006-02-15 05:03:00
606.00,Mummy Creatures,A Fateful Character Study of a Crocodile And a Monkey who must Meet a Dentist in Australia,2006,1,0,3,0.99,160,16,NC-17,"Trailers,Behind the Scenes",2006-02-15 05:03:00
607.00,Muppet Mile,A Lacklusture Story of a Madman And a Teacher who must Kill a Frisbee in The Gulf of Mexico,2006,1,0,5,4.99,50,19,PG,"Trailers,Deleted Scenes",2006-02-15 05:03:00
608.00,Murder Antitrust,A Brilliant Yarn of a Car And a Database Administrator who must Escape a Boy in A MySQL Convention,2006,1,0,6,2.99,166,12,PG,"Trailers,Deleted Scenes,Behind the Scenes",2006-02-15 05:03:00
609.00,Muscle Bright,A Stunning Panorama of a Sumo Wrestler And a Husband who must Redeem a Madman in Ancient India,2006,1,0,7,2.99,185,24,G,Deleted Scenes,2006-02-15 05:03:00
610.00,Music Boondock,A Thrilling Tale of a Butler And a Astronaut who must Battle a Explorer in The First Manned Space Station,2006,1,0,7,0.99,129,18,R,"Trailers,Commentaries,Behind the Scenes",2006-02-15 05:03:00
611.00,Musketeers Wait,A Touching Yarn of a Student And a Moose who must Fight a Mad Cow in Australia,2006,1,0,7,4.99,73,18,PG,"Deleted Scenes,Behind the Scenes",2006-02-15 05:03:00
612.00,Mussolini Spoilers,A Thrilling Display of a Boat And a Monkey who must Meet a Composer in Ancient China,2006,1,0,6,2.99,180,11,G,"Deleted Scenes,Behind the Scenes",2006-02-15 05:03:00
613.00,Mystic Truman,A Epic Yarn of a Teacher And a Hunter who must Outgun a Explorer in Soviet Georgia,2006,1,0,5,0.99,92,20,NC-17,"Commentaries,Behind the Scenes",2006-02-15 05:03:00
614.00,Name Detective,A Touching Saga of a Sumo Wrestler And a Cat who must Pursue a Mad Scientist in Nigeria,2006,1,0,5,4.99,178,12,PG-13,"Trailers,Commentaries,Behind the Scenes",2006-02-15 05:03:00
615.00,Nash Chocolat,A Epic Reflection of a Monkey And a Mad Cow who must Kill a Forensic Psychologist in An Abandoned Mine Shaft,2006,1,0,6,2.99,180,22,PG-13,"Commentaries,Behind the Scenes",2006-02-15 05:03:00
616.00,National Story,A Taut Epistle of a Mad Scientist And a Girl who must Escape a Monkey in California,2006,1,0,4,2.99,92,20,NC-17,Trailers,2006-02-15 05:03:00
617.00,Natural Stock,A Fast-Paced Story of a Sumo Wrestler And a Girl who must Defeat a Car in A Baloon Factory,2006,1,0,4,0.99,50,25,PG-13,"Commentaries,Deleted Scenes",2006-02-15 05:03:00
618.00,Necklace Outbreak,A Astounding Epistle of a Database Administrator And a Mad Scientist who must Pursue a Cat in California,2006,1,0,3,0.99,132,22,PG,"Trailers,Commentaries,Behind the Scenes",2006-02-15 05:03:00
619.00,Neighbors Charade,A Fanciful Reflection of a Crocodile And a Astronaut who must Outrace a Feminist in An Abandoned Amusement Park,2006,1,0,3,0.99,161,21,R,"Trailers,Commentaries,Deleted Scenes",2006-02-15 05:03:00
620.00,Nemo Campus,A Lacklusture Reflection of a Monkey And a Squirrel who must Outrace a Womanizer in A Manhattan Penthouse,2006,1,0,5,2.99,131,24,NC-17,Trailers,2006-02-15 05:03:00
621.00,Network Peak,A Unbelieveable Reflection of a Butler And a Boat who must Outgun a Mad Scientist in California,2006,1,0,5,2.99,75,24,PG-13,"Commentaries,Deleted Scenes,Behind the Scenes",2006-02-15 05:03:00
622.00,Newsies Story,A Action-Packed Character Study of a Dog And a Lumberjack who must Outrace a Moose in The Gulf of Mexico,2006,1,0,4,0.99,159,26,G,"Trailers,Deleted Scenes",2006-02-15 05:03:00
623.00,Newton Labyrinth,A Intrepid Character Study of a Moose And a Waitress who must Find a A Shark in Ancient India,2006,1,0,4,0.99,75,10,PG,"Trailers,Commentaries,Deleted Scenes,Behind the Scenes",2006-02-15 05:03:00
624.00,Nightmare Chill,A Brilliant Display of a Robot And a Butler who must Fight a Waitress in An Abandoned Mine Shaft,2006,1,0,3,4.99,149,26,PG,"Trailers,Deleted Scenes,Behind the Scenes",2006-02-15 05:03:00
625.00,None Spiking,A Boring Reflection of a Secret Agent And a Astronaut who must Face a Composer in A Manhattan Penthouse,2006,1,0,3,0.99,83,19,NC-17,"Trailers,Commentaries",2006-02-15 05:03:00
626.00,Noon Papi,A Unbelieveable Character Study of a Mad Scientist And a Astronaut who must Find a Pioneer in A Manhattan Penthouse,2006,1,0,5,2.99,57,13,G,Behind the Scenes,2006-02-15 05:03:00
627.00,North Tequila,A Beautiful Character Study of a Mad Cow And a Robot who must Reach a Womanizer in New Orleans,2006,1,0,4,4.99,67,10,NC-17,"Commentaries,Deleted Scenes,Behind the Scenes",2006-02-15 05:03:00
628.00,Northwest Polish,A Boring Character Study of a Boy And a A Shark who must Outrace a Womanizer in The Outback,2006,1,0,5,2.99,172,25,PG,Trailers,2006-02-15 05:03:00
629.00,Notorious Reunion,A Amazing Epistle of a Woman And a Squirrel who must Fight a Hunter in A Baloon,2006,1,0,7,0.99,128,10,NC-17,"Trailers,Commentaries,Deleted Scenes",2006-02-15 05:03:00
630.00,Notting Speakeasy,A Thoughtful Display of a Butler And a Womanizer who must Find a Waitress in The Canadian Rockies,2006,1,0,7,0.99,48,20,PG-13,"Trailers,Commentaries",2006-02-15 05:03:00
631.00,Novocaine Flight,A Fanciful Display of a Student And a Teacher who must Outgun a Crocodile in Nigeria,2006,1,0,4,0.99,64,12,G,"Trailers,Commentaries,Deleted Scenes",2006-02-15 05:03:00
632.00,Nuts Ties,A Thoughtful Drama of a Explorer And a Womanizer who must Meet a Teacher in California,2006,1,0,5,4.99,145,11,NC-17,"Trailers,Behind the Scenes",2006-02-15 05:03:00
633.00,October Submarine,A Taut Epistle of a Monkey And a Boy who must Confront a Husband in A Jet Boat,2006,1,0,6,4.99,54,11,PG-13,"Trailers,Commentaries,Behind the Scenes",2006-02-15 05:03:00
634.00,Odds Boogie,A Thrilling Yarn of a Feminist And a Madman who must Battle a Hunter in Berlin,2006,1,0,6,0.99,48,15,NC-17,"Trailers,Commentaries,Behind the Scenes",2006-02-15 05:03:00
635.00,Oklahoma Jumanji,A Thoughtful Drama of a Dentist And a Womanizer who must Meet a Husband in The Sahara Desert,2006,1,0,7,0.99,58,16,PG,Behind the Scenes,2006-02-15 05:03:00
636.00,Oleander Clue,A Boring Story of a Teacher And a Monkey who must Succumb a Forensic Psychologist in A Jet Boat,2006,1,0,5,0.99,161,13,PG,"Commentaries,Deleted Scenes",2006-02-15 05:03:00
637.00,Open African,A Lacklusture Drama of a Secret Agent And a Explorer who must Discover a Car in A U-Boat,2006,1,0,7,4.99,131,17,PG,"Trailers,Commentaries",2006-02-15 05:03:00
638.00,Operation Operation,A Intrepid Character Study of a Man And a Frisbee who must Overcome a Madman in Ancient China,2006,1,0,7,2.99,156,24,G,"Trailers,Commentaries,Deleted Scenes,Behind the Scenes",2006-02-15 05:03:00
639.00,Opposite Necklace,A Fateful Epistle of a Crocodile And a Moose who must Kill a Explorer in Nigeria,2006,1,0,7,4.99,92,10,PG,Deleted Scenes,2006-02-15 05:03:00
640.00,Opus Ice,A Fast-Paced Drama of a Hunter And a Boy who must Discover a Feminist in The Sahara Desert,2006,1,0,5,4.99,102,22,R,"Commentaries,Deleted Scenes",2006-02-15 05:03:00
641.00,Orange Grapes,A Astounding Documentary of a Butler And a Womanizer who must Face a Dog in A U-Boat,2006,1,0,4,0.99,76,22,PG-13,"Trailers,Commentaries",2006-02-15 05:03:00
642.00,Order Betrayed,A Amazing Saga of a Dog And a A Shark who must Challenge a Cat in The Sahara Desert,2006,1,0,7,2.99,120,14,PG-13,"Deleted Scenes,Behind the Scenes",2006-02-15 05:03:00
643.00,Orient Closer,A Astounding Epistle of a Technical Writer And a Teacher who must Fight a Squirrel in The Sahara Desert,2006,1,0,3,2.99,118,23,R,"Commentaries,Deleted Scenes",2006-02-15 05:03:00
644.00,Oscar Gold,A Insightful Tale of a Database Administrator And a Dog who must Face a Madman in Soviet Georgia,2006,1,0,7,2.99,115,30,PG,Behind the Scenes,2006-02-15 05:03:00
645.00,Others Soup,A Lacklusture Documentary of a Mad Cow And a Madman who must Sink a Moose in The Gulf of Mexico,2006,1,0,7,2.99,118,19,PG,Deleted Scenes,2006-02-15 05:03:00
646.00,Outbreak Divine,A Unbelieveable Yarn of a Database Administrator And a Woman who must Succumb a A Shark in A U-Boat,2006,1,0,6,0.99,169,13,NC-17,"Trailers,Deleted Scenes,Behind the Scenes",2006-02-15 05:03:00
647.00,Outfield Massacre,A Thoughtful Drama of a Husband And a Secret Agent who must Pursue a Database Administrator in Ancient India,2006,1,0,4,0.99,129,19,NC-17,"Trailers,Deleted Scenes",2006-02-15 05:03:00
648.00,Outlaw Hanky,A Thoughtful Story of a Astronaut And a Composer who must Conquer a Dog in The Sahara Desert,2006,1,0,7,4.99,148,18,PG-13,"Trailers,Commentaries",2006-02-15 05:03:00
649.00,Oz Liaisons,A Epic Yarn of a Mad Scientist And a Cat who must Confront a Womanizer in A Baloon Factory,2006,1,0,4,2.99,85,15,R,"Commentaries,Deleted Scenes,Behind the Scenes",2006-02-15 05:03:00
650.00,Pacific Amistad,A Thrilling Yarn of a Dog And a Moose who must Kill a Pastry Chef in A Manhattan Penthouse,2006,1,0,3,0.99,144,28,G,"Trailers,Commentaries,Deleted Scenes,Behind the Scenes",2006-02-15 05:03:00
651.00,Packer Madigan,A Epic Display of a Sumo Wrestler And a Forensic Psychologist who must Build a Woman in An Abandoned Amusement Park,2006,1,0,3,0.99,84,21,PG-13,Trailers,2006-02-15 05:03:00
652.00,Pajama Jawbreaker,A Emotional Drama of a Boy And a Technical Writer who must Redeem a Sumo Wrestler in California,2006,1,0,3,0.99,126,15,R,"Trailers,Deleted Scenes",2006-02-15 05:03:00
653.00,Panic Club,A Fanciful Display of a Teacher And a Crocodile who must Succumb a Girl in A Baloon,2006,1,0,3,4.99,102,16,G,"Commentaries,Deleted Scenes",2006-02-15 05:03:00
654.00,Panky Submarine,A Touching Documentary of a Dentist And a Sumo Wrestler who must Overcome a Boy in The Gulf of Mexico,2006,1,0,4,4.99,93,20,G,"Trailers,Commentaries,Deleted Scenes,Behind the Scenes",2006-02-15 05:03:00
655.00,Panther Reds,A Brilliant Panorama of a Moose And a Man who must Reach a Teacher in The Gulf of Mexico,2006,1,0,5,4.99,109,23,NC-17,"Deleted Scenes,Behind the Scenes",2006-02-15 05:03:00
656.00,Papi Necklace,A Fanciful Display of a Car And a Monkey who must Escape a Squirrel in Ancient Japan,2006,1,0,3,0.99,128,10,PG,"Trailers,Deleted Scenes,Behind the Scenes",2006-02-15 05:03:00
657.00,Paradise Sabrina,A Intrepid Yarn of a Car And a Moose who must Outrace a Crocodile in A Manhattan Penthouse,2006,1,0,5,2.99,48,13,PG-13,"Commentaries,Deleted Scenes,Behind the Scenes",2006-02-15 05:03:00
658.00,Paris Weekend,A Intrepid Story of a Squirrel And a Crocodile who must Defeat a Monkey in The Outback,2006,1,0,7,2.99,121,20,PG-13,"Trailers,Commentaries,Deleted Scenes,Behind the Scenes",2006-02-15 05:03:00
659.00,Park Citizen,A Taut Epistle of a Sumo Wrestler And a Girl who must Face a Husband in Ancient Japan,2006,1,0,3,4.99,109,15,PG-13,"Trailers,Deleted Scenes",2006-02-15 05:03:00
660.00,Party Knock,A Fateful Display of a Technical Writer And a Butler who must Battle a Sumo Wrestler in An Abandoned Mine Shaft,2006,1,0,7,2.99,107,12,PG,"Trailers,Behind the Scenes",2006-02-15 05:03:00
661.00,Past Suicides,A Intrepid Tale of a Madman And a Astronaut who must Challenge a Hunter in A Monastery,2006,1,0,5,4.99,157,18,PG-13,"Trailers,Deleted Scenes,Behind the Scenes",2006-02-15 05:03:00
662.00,Paths Control,A Astounding Documentary of a Butler And a Cat who must Find a Frisbee in Ancient China,2006,1,0,3,4.99,118,10,PG,"Trailers,Behind the Scenes",2006-02-15 05:03:00
663.00,Patient Sister,A Emotional Epistle of a Squirrel And a Robot who must Confront a Lumberjack in Soviet Georgia,2006,1,0,7,0.99,99,30,NC-17,"Trailers,Commentaries",2006-02-15 05:03:00
664.00,Patriot Roman,A Taut Saga of a Robot And a Database Administrator who must Challenge a Astronaut in California,2006,1,0,6,2.99,65,13,PG,"Trailers,Deleted Scenes",2006-02-15 05:03:00
665.00,Patton Interview,A Thrilling Documentary of a Composer And a Secret Agent who must Succumb a Cat in Berlin,2006,1,0,4,2.99,175,23,PG,Commentaries,2006-02-15 05:03:00
666.00,Paycheck Wait,A Awe-Inspiring Reflection of a Boy And a Man who must Discover a Moose in The Sahara Desert,2006,1,0,4,4.99,145,28,PG-13,"Commentaries,Deleted Scenes",2006-02-15 05:03:00
667.00,Peach Innocent,A Action-Packed Drama of a Monkey And a Dentist who must Chase a Butler in Berlin,2006,1,0,3,2.99,160,21,PG-13,"Commentaries,Behind the Scenes",2006-02-15 05:03:00
668.00,Peak Forever,A Insightful Reflection of a Boat And a Secret Agent who must Vanquish a Astronaut in An Abandoned Mine Shaft,2006,1,0,7,4.99,80,26,PG,"Trailers,Commentaries,Deleted Scenes,Behind the Scenes",2006-02-15 05:03:00
669.00,Pearl Destiny,A Lacklusture Yarn of a Astronaut And a Pastry Chef who must Sink a Dog in A U-Boat,2006,1,0,3,2.99,74,11,NC-17,Trailers,2006-02-15 05:03:00
670.00,Pelican Comforts,A Epic Documentary of a Boy And a Monkey who must Pursue a Astronaut in Berlin,2006,1,0,4,4.99,48,18,PG,"Commentaries,Deleted Scenes",2006-02-15 05:03:00
671.00,Perdition Fargo,A Fast-Paced Story of a Car And a Cat who must Outgun a Hunter in Berlin,2006,1,0,7,4.99,99,28,NC-17,"Trailers,Behind the Scenes",2006-02-15 05:03:00
672.00,Perfect Groove,A Thrilling Yarn of a Dog And a Dog who must Build a Husband in A Baloon,2006,1,0,7,2.99,82,18,PG-13,"Commentaries,Deleted Scenes,Behind the Scenes",2006-02-15 05:03:00
673.00,Personal Ladybugs,A Epic Saga of a Hunter And a Technical Writer who must Conquer a Cat in Ancient Japan,2006,1,0,3,0.99,118,20,PG-13,"Deleted Scenes,Behind the Scenes",2006-02-15 05:03:00
674.00,Pet Haunting,A Unbelieveable Reflection of a Explorer And a Boat who must Conquer a Woman in California,2006,1,0,3,0.99,99,12,PG,"Trailers,Commentaries",2006-02-15 05:03:00
675.00,Phantom Glory,A Beautiful Documentary of a Astronaut And a Crocodile who must Discover a Madman in A Monastery,2006,1,0,6,2.99,60,18,NC-17,"Commentaries,Behind the Scenes",2006-02-15 05:03:00
676.00,Philadelphia Wife,A Taut Yarn of a Hunter And a Astronaut who must Conquer a Database Administrator in The Sahara Desert,2006,1,0,7,4.99,137,17,PG-13,"Trailers,Commentaries,Deleted Scenes",2006-02-15 05:03:00
677.00,Pianist Outfield,A Intrepid Story of a Boy And a Technical Writer who must Pursue a Lumberjack in A Monastery,2006,1,0,6,0.99,136,26,NC-17,"Trailers,Commentaries,Deleted Scenes",2006-02-15 05:03:00
678.00,Pickup Driving,A Touching Documentary of a Husband And a Boat who must Meet a Pastry Chef in A Baloon Factory,2006,1,0,3,2.99,77,24,G,"Trailers,Commentaries,Deleted Scenes,Behind the Scenes",2006-02-15 05:03:00
679.00,Pilot Hoosiers,A Awe-Inspiring Reflection of a Crocodile And a Sumo Wrestler who must Meet a Forensic Psychologist in An Abandoned Mine Shaft,2006,1,0,6,2.99,50,18,PG,"Trailers,Deleted Scenes",2006-02-15 05:03:00
680.00,Pinocchio Simon,A Action-Packed Reflection of a Mad Scientist And a A Shark who must Find a Feminist in California,2006,1,0,4,4.99,103,22,PG,"Commentaries,Behind the Scenes",2006-02-15 05:03:00
681.00,Pirates Roxanne,A Stunning Drama of a Woman And a Lumberjack who must Overcome a A Shark in The Canadian Rockies,2006,1,0,4,0.99,100,21,PG,"Commentaries,Deleted Scenes",2006-02-15 05:03:00
682.00,Pittsburgh Hunchback,A Thrilling Epistle of a Boy And a Boat who must Find a Student in Soviet Georgia,2006,1,0,4,4.99,134,18,PG-13,"Trailers,Deleted Scenes,Behind the Scenes",2006-02-15 05:03:00
683.00,Pity Bound,A Boring Panorama of a Feminist And a Moose who must Defeat a Database Administrator in Nigeria,2006,1,0,5,4.99,60,20,NC-17,Commentaries,2006-02-15 05:03:00
684.00,Pizza Jumanji,A Epic Saga of a Cat And a Squirrel who must Outgun a Robot in A U-Boat,2006,1,0,4,2.99,173,12,NC-17,Commentaries,2006-02-15 05:03:00
685.00,Platoon Instinct,A Thrilling Panorama of a Man And a Woman who must Reach a Woman in Australia,2006,1,0,6,4.99,132,11,PG-13,"Trailers,Commentaries",2006-02-15 05:03:00
686.00,Pluto Oleander,A Action-Packed Reflection of a Car And a Moose who must Outgun a Car in A Shark Tank,2006,1,0,5,4.99,84,10,R,Behind the Scenes,2006-02-15 05:03:00
687.00,Pocus Pulp,A Intrepid Yarn of a Frisbee And a Dog who must Build a Astronaut in A Baloon Factory,2006,1,0,6,0.99,138,16,NC-17,"Commentaries,Deleted Scenes,Behind the Scenes",2006-02-15 05:03:00
688.00,Polish Brooklyn,A Boring Character Study of a Database Administrator And a Lumberjack who must Reach a Madman in The Outback,2006,1,0,6,0.99,61,13,PG,"Trailers,Commentaries,Deleted Scenes,Behind the Scenes",2006-02-15 05:03:00
689.00,Pollock Deliverance,A Intrepid Story of a Madman And a Frisbee who must Outgun a Boat in The Sahara Desert,2006,1,0,5,2.99,137,15,PG,Commentaries,2006-02-15 05:03:00
690.00,Pond Seattle,A Stunning Drama of a Teacher And a Boat who must Battle a Feminist in Ancient China,2006,1,0,7,2.99,185,26,PG-13,"Trailers,Commentaries,Behind the Scenes",2006-02-15 05:03:00
691.00,Poseidon Forever,A Thoughtful Epistle of a Womanizer And a Monkey who must Vanquish a Dentist in A Monastery,2006,1,0,6,4.99,159,30,PG-13,Commentaries,2006-02-15 05:03:00
692.00,Potluck Mixed,A Beautiful Story of a Dog And a Technical Writer who must Outgun a Student in A Baloon,2006,1,0,3,2.99,179,11,G,Behind the Scenes,2006-02-15 05:03:00
693.00,Potter Connecticut,A Thrilling Epistle of a Frisbee And a Cat who must Fight a Technical Writer in Berlin,2006,1,0,5,2.99,115,17,PG,"Trailers,Commentaries",2006-02-15 05:03:00
694.00,Prejudice Oleander,A Epic Saga of a Boy And a Dentist who must Outrace a Madman in A U-Boat,2006,1,0,6,4.99,98,16,PG-13,"Trailers,Commentaries,Deleted Scenes",2006-02-15 05:03:00
695.00,President Bang,A Fateful Panorama of a Technical Writer And a Moose who must Battle a Robot in Soviet Georgia,2006,1,0,6,4.99,144,13,PG,Behind the Scenes,2006-02-15 05:03:00
696.00,Pride Alamo,A Thoughtful Drama of a A Shark And a Forensic Psychologist who must Vanquish a Student in Ancient India,2006,1,0,6,0.99,114,21,NC-17,Deleted Scenes,2006-02-15 05:03:00
697.00,Primary Glass,A Fateful Documentary of a Pastry Chef And a Butler who must Build a Dog in The Canadian Rockies,2006,1,0,7,0.99,53,17,G,"Trailers,Deleted Scenes,Behind the Scenes",2006-02-15 05:03:00
698.00,Princess Giant,A Thrilling Yarn of a Pastry Chef And a Monkey who must Battle a Monkey in A Shark Tank,2006,1,0,3,2.99,71,30,NC-17,"Trailers,Deleted Scenes",2006-02-15 05:03:00
699.00,Private Drop,A Stunning Story of a Technical Writer And a Hunter who must Succumb a Secret Agent in A Baloon,2006,1,0,7,4.99,106,27,PG,Trailers,2006-02-15 05:03:00
700.00,Prix Undefeated,A Stunning Saga of a Mad Scientist And a Boat who must Overcome a Dentist in Ancient China,2006,1,0,4,2.99,115,14,R,"Trailers,Deleted Scenes",2006-02-15 05:03:00
701.00,Psycho Shrunk,A Amazing Panorama of a Crocodile And a Explorer who must Fight a Husband in Nigeria,2006,1,0,5,2.99,155,12,PG-13,Behind the Scenes,2006-02-15 05:03:00
702.00,Pulp Beverly,A Unbelieveable Display of a Dog And a Crocodile who must Outrace a Man in Nigeria,2006,1,0,4,2.99,89,13,G,"Trailers,Behind the Scenes",2006-02-15 05:03:00
703.00,Punk Divorce,A Fast-Paced Tale of a Pastry Chef And a Boat who must Face a Frisbee in The Canadian Rockies,2006,1,0,6,4.99,100,19,PG,"Trailers,Commentaries,Deleted Scenes",2006-02-15 05:03:00
704.00,Pure Runner,A Thoughtful Documentary of a Student And a Madman who must Challenge a Squirrel in A Manhattan Penthouse,2006,1,0,3,2.99,121,26,NC-17,"Trailers,Deleted Scenes",2006-02-15 05:03:00
705.00,Purple Movie,A Boring Display of a Pastry Chef And a Sumo Wrestler who must Discover a Frisbee in An Abandoned Amusement Park,2006,1,0,4,2.99,88,10,R,"Commentaries,Deleted Scenes",2006-02-15 05:03:00
706.00,Queen Luke,A Astounding Story of a Girl And a Boy who must Challenge a Composer in New Orleans,2006,1,0,5,4.99,163,23,PG,"Commentaries,Deleted Scenes,Behind the Scenes",2006-02-15 05:03:00
707.00,Quest Mussolini,A Fateful Drama of a Husband And a Sumo Wrestler who must Battle a Pastry Chef in A Baloon Factory,2006,1,0,5,2.99,177,30,R,Behind the Scenes,2006-02-15 05:03:00
708.00,Quills Bull,A Thoughtful Story of a Pioneer And a Woman who must Reach a Moose in Australia,2006,1,0,4,4.99,112,20,R,"Trailers,Behind the Scenes",2006-02-15 05:03:00
709.00,Racer Egg,A Emotional Display of a Monkey And a Waitress who must Reach a Secret Agent in California,2006,1,0,7,2.99,147,20,NC-17,"Trailers,Commentaries,Deleted Scenes",2006-02-15 05:03:00
710.00,Rage Games,A Fast-Paced Saga of a Astronaut And a Secret Agent who must Escape a Hunter in An Abandoned Amusement Park,2006,1,0,4,4.99,120,19,R,"Trailers,Behind the Scenes",2006-02-15 05:03:00
711.00,Raging Airplane,A Astounding Display of a Secret Agent And a Technical Writer who must Escape a Mad Scientist in A Jet Boat,2006,1,0,4,4.99,154,19,R,"Commentaries,Deleted Scenes",2006-02-15 05:03:00
712.00,Raiders Antitrust,A Amazing Drama of a Teacher And a Feminist who must Meet a Woman in The First Manned Space Station,2006,1,0,4,0.99,82,12,PG-13,Deleted Scenes,2006-02-15 05:03:00
713.00,Rainbow Shock,A Action-Packed Story of a Hunter And a Boy who must Discover a Lumberjack in Ancient India,2006,1,0,3,4.99,74,15,PG,"Trailers,Commentaries,Deleted Scenes,Behind the Scenes",2006-02-15 05:03:00
714.00,Random Go,A Fateful Drama of a Frisbee And a Student who must Confront a Cat in A Shark Tank,2006,1,0,6,2.99,73,30,NC-17,Trailers,2006-02-15 05:03:00
715.00,Range Moonwalker,A Insightful Documentary of a Hunter And a Dentist who must Confront a Crocodile in A Baloon,2006,1,0,3,4.99,147,26,PG,"Trailers,Commentaries,Deleted Scenes",2006-02-15 05:03:00
716.00,Reap Unfaithful,A Thrilling Epistle of a Composer And a Sumo Wrestler who must Challenge a Mad Cow in A MySQL Convention,2006,1,0,6,2.99,136,27,PG-13,"Trailers,Commentaries",2006-02-15 05:03:00
717.00,Rear Trading,A Awe-Inspiring Reflection of a Forensic Psychologist And a Secret Agent who must Succumb a Pastry Chef in Soviet Georgia,2006,1,0,6,0.99,97,24,NC-17,"Trailers,Commentaries,Deleted Scenes",2006-02-15 05:03:00
718.00,Rebel Airport,A Intrepid Yarn of a Database Administrator And a Boat who must Outrace a Husband in Ancient India,2006,1,0,7,0.99,73,25,G,"Trailers,Behind the Scenes",2006-02-15 05:03:00
719.00,Records Zorro,A Amazing Drama of a Mad Scientist And a Composer who must Build a Husband in The Outback,2006,1,0,7,4.99,182,12,PG,Behind the Scenes,2006-02-15 05:03:00
720.00,Redemption Comforts,A Emotional Documentary of a Dentist And a Woman who must Battle a Mad Scientist in Ancient China,2006,1,0,3,2.99,179,21,NC-17,"Trailers,Deleted Scenes,Behind the Scenes",2006-02-15 05:03:00
721.00,Reds Pocus,A Lacklusture Yarn of a Sumo Wrestler And a Squirrel who must Redeem a Monkey in Soviet Georgia,2006,1,0,7,4.99,182,24,PG-13,"Trailers,Behind the Scenes",2006-02-15 05:03:00
722.00,Reef Salute,A Action-Packed Saga of a Teacher And a Lumberjack who must Battle a Dentist in A Baloon,2006,1,0,5,0.99,123,27,NC-17,Behind the Scenes,2006-02-15 05:03:00
723.00,Reign Gentlemen,A Emotional Yarn of a Composer And a Man who must Escape a Butler in The Gulf of Mexico,2006,1,0,3,2.99,82,30,PG-13,"Deleted Scenes,Behind the Scenes",2006-02-15 05:03:00
724.00,Remember Diary,A Insightful Tale of a Technical Writer And a Waitress who must Conquer a Monkey in Ancient India,2006,1,0,5,2.99,110,16,R,"Trailers,Commentaries",2006-02-15 05:03:00
725.00,Requiem Tycoon,A Unbelieveable Character Study of a Cat And a Database Administrator who must Pursue a Teacher in A Monastery,2006,1,0,6,4.99,167,26,R,"Trailers,Commentaries,Behind the Scenes",2006-02-15 05:03:00
726.00,Reservoir Adaptation,A Intrepid Drama of a Teacher And a Moose who must Kill a Car in California,2006,1,0,7,2.99,61,30,PG-13,Commentaries,2006-02-15 05:03:00
727.00,Resurrection Silverado,A Epic Yarn of a Robot And a Explorer who must Challenge a Girl in A MySQL Convention,2006,1,0,6,0.99,117,13,PG,"Trailers,Deleted Scenes",2006-02-15 05:03:00
728.00,Reunion Witches,A Unbelieveable Documentary of a Database Administrator And a Frisbee who must Redeem a Mad Scientist in A Baloon Factory,2006,1,0,3,0.99,63,27,R,Commentaries,2006-02-15 05:03:00
729.00,Rider Caddyshack,A Taut Reflection of a Monkey And a Womanizer who must Chase a Moose in Nigeria,2006,1,0,5,2.99,177,29,PG,"Commentaries,Behind the Scenes",2006-02-15 05:03:00
730.00,Ridgemont Submarine,A Unbelieveable Drama of a Waitress And a Composer who must Sink a Mad Cow in Ancient Japan,2006,1,0,3,0.99,46,29,PG-13,"Commentaries,Deleted Scenes,Behind the Scenes",2006-02-15 05:03:00
731.00,Right Cranes,A Fateful Character Study of a Boat And a Cat who must Find a Database Administrator in A Jet Boat,2006,1,0,7,4.99,153,30,PG-13,"Trailers,Commentaries,Deleted Scenes",2006-02-15 05:03:00
732.00,Rings Heartbreakers,A Amazing Yarn of a Sumo Wrestler And a Boat who must Conquer a Waitress in New Orleans,2006,1,0,5,0.99,58,18,G,"Trailers,Commentaries,Behind the Scenes",2006-02-15 05:03:00
733.00,River Outlaw,A Thrilling Character Study of a Squirrel And a Lumberjack who must Face a Hunter in A MySQL Convention,2006,1,0,4,0.99,149,30,PG-13,Commentaries,2006-02-15 05:03:00
734.00,Road Roxanne,A Boring Character Study of a Waitress And a Astronaut who must Fight a Crocodile in Ancient Japan,2006,1,0,4,4.99,158,13,R,Behind the Scenes,2006-02-15 05:03:00
735.00,Robbers Joon,A Thoughtful Story of a Mad Scientist And a Waitress who must Confront a Forensic Psychologist in Soviet Georgia,2006,1,0,7,2.99,102,27,PG-13,Commentaries,2006-02-15 05:03:00
736.00,Robbery Bright,A Taut Reflection of a Robot And a Squirrel who must Fight a Boat in Ancient Japan,2006,1,0,4,0.99,134,22,R,Trailers,2006-02-15 05:03:00
737.00,Rock Instinct,A Astounding Character Study of a Robot And a Moose who must Overcome a Astronaut in Ancient India,2006,1,0,4,0.99,102,29,G,"Trailers,Commentaries,Deleted Scenes,Behind the Scenes",2006-02-15 05:03:00
738.00,Rocketeer Mother,A Awe-Inspiring Character Study of a Robot And a Sumo Wrestler who must Discover a Womanizer in A Shark Tank,2006,1,0,3,0.99,178,28,PG-13,"Deleted Scenes,Behind the Scenes",2006-02-15 05:03:00
739.00,Rocky War,A Fast-Paced Display of a Squirrel And a Explorer who must Outgun a Mad Scientist in Nigeria,2006,1,0,4,4.99,145,18,PG-13,"Trailers,Commentaries,Behind the Scenes",2006-02-15 05:03:00
740.00,Rollercoaster Bringing,A Beautiful Drama of a Robot And a Lumberjack who must Discover a Technical Writer in A Shark Tank,2006,1,0,5,2.99,153,14,PG-13,"Trailers,Commentaries,Deleted Scenes",2006-02-15 05:03:00
741.00,Roman Punk,A Thoughtful Panorama of a Mad Cow And a Student who must Battle a Forensic Psychologist in Berlin,2006,1,0,7,0.99,81,29,NC-17,Trailers,2006-02-15 05:03:00
742.00,Roof Champion,A Lacklusture Reflection of a Car And a Explorer who must Find a Monkey in A Baloon,2006,1,0,7,0.99,101,26,R,"Deleted Scenes,Behind the Scenes",2006-02-15 05:03:00
743.00,Room Roman,A Awe-Inspiring Panorama of a Composer And a Secret Agent who must Sink a Composer in A Shark Tank,2006,1,0,7,0.99,60,28,PG,"Trailers,Deleted Scenes,Behind the Scenes",2006-02-15 05:03:00
744.00,Roots Remember,A Brilliant Drama of a Mad Cow And a Hunter who must Escape a Hunter in Berlin,2006,1,0,4,0.99,89,24,PG-13,"Commentaries,Deleted Scenes,Behind the Scenes",2006-02-15 05:03:00
745.00,Roses Treasure,A Astounding Panorama of a Monkey And a Secret Agent who must Defeat a Woman in The First Manned Space Station,2006,1,0,5,4.99,162,24,PG-13,"Commentaries,Deleted Scenes,Behind the Scenes",2006-02-15 05:03:00
746.00,Rouge Squad,A Awe-Inspiring Drama of a Astronaut And a Frisbee who must Conquer a Mad Scientist in Australia,2006,1,0,3,0.99,118,11,NC-17,"Commentaries,Deleted Scenes,Behind the Scenes",2006-02-15 05:03:00
747.00,Roxanne Rebel,A Astounding Story of a Pastry Chef And a Database Administrator who must Fight a Man in The Outback,2006,1,0,5,0.99,171,10,R,"Deleted Scenes,Behind the Scenes",2006-02-15 05:03:00
748.00,Rugrats Shakespeare,A Touching Saga of a Crocodile And a Crocodile who must Discover a Technical Writer in Nigeria,2006,1,0,4,0.99,109,17,PG-13,"Trailers,Commentaries,Deleted Scenes,Behind the Scenes",2006-02-15 05:03:00
749.00,Rules Human,A Beautiful Epistle of a Astronaut And a Student who must Confront a Monkey in An Abandoned Fun House,2006,1,0,6,4.99,153,20,R,"Deleted Scenes,Behind the Scenes",2006-02-15 05:03:00
750.00,Run Pacific,A Touching Tale of a Cat And a Pastry Chef who must Conquer a Pastry Chef in A MySQL Convention,2006,1,0,3,0.99,145,26,R,"Commentaries,Deleted Scenes,Behind the Scenes",2006-02-15 05:03:00
751.00,Runaway Tenenbaums,A Thoughtful Documentary of a Boat And a Man who must Meet a Boat in An Abandoned Fun House,2006,1,0,6,0.99,181,18,NC-17,Commentaries,2006-02-15 05:03:00
752.00,Runner Madigan,A Thoughtful Documentary of a Crocodile And a Robot who must Outrace a Womanizer in The Outback,2006,1,0,6,0.99,101,28,NC-17,"Commentaries,Deleted Scenes,Behind the Scenes",2006-02-15 05:03:00
753.00,Rush Goodfellas,A Emotional Display of a Man And a Dentist who must Challenge a Squirrel in Australia,2006,1,0,3,0.99,48,21,PG,Deleted Scenes,2006-02-15 05:03:00
754.00,Rushmore Mermaid,A Boring Story of a Woman And a Moose who must Reach a Husband in A Shark Tank,2006,1,0,6,2.99,150,18,PG-13,"Trailers,Commentaries,Deleted Scenes",2006-02-15 05:03:00
755.00,Sabrina Midnight,A Emotional Story of a Squirrel And a Crocodile who must Succumb a Husband in The Sahara Desert,2006,1,0,5,4.99,99,12,PG,"Trailers,Behind the Scenes",2006-02-15 05:03:00
756.00,Saddle Antitrust,A Stunning Epistle of a Feminist And a A Shark who must Battle a Woman in An Abandoned Fun House,2006,1,0,7,2.99,80,11,PG-13,"Trailers,Deleted Scenes",2006-02-15 05:03:00
757.00,Sagebrush Clueless,A Insightful Story of a Lumberjack And a Hunter who must Kill a Boy in Ancient Japan,2006,1,0,4,2.99,106,29,G,Trailers,2006-02-15 05:03:00
758.00,Saints Bride,A Fateful Tale of a Technical Writer And a Composer who must Pursue a Explorer in The Gulf of Mexico,2006,1,0,5,2.99,125,12,G,Deleted Scenes,2006-02-15 05:03:00
759.00,Salute Apollo,A Awe-Inspiring Character Study of a Boy And a Feminist who must Sink a Crocodile in Ancient China,2006,1,0,4,2.99,73,30,R,"Trailers,Commentaries,Deleted Scenes,Behind the Scenes",2006-02-15 05:03:00
760.00,Samurai Lion,A Fast-Paced Story of a Pioneer And a Astronaut who must Reach a Boat in A Baloon,2006,1,0,5,2.99,110,22,G,Commentaries,2006-02-15 05:03:00
761.00,Santa Paris,A Emotional Documentary of a Moose And a Car who must Redeem a Mad Cow in A Baloon Factory,2006,1,0,7,2.99,154,24,PG,"Commentaries,Behind the Scenes",2006-02-15 05:03:00
762.00,Sassy Packer,A Fast-Paced Documentary of a Dog And a Teacher who must Find a Moose in A Manhattan Penthouse,2006,1,0,6,0.99,154,30,G,"Deleted Scenes,Behind the Scenes",2006-02-15 05:03:00
763.00,Satisfaction Confidential,A Lacklusture Yarn of a Dentist And a Butler who must Meet a Secret Agent in Ancient China,2006,1,0,3,4.99,75,27,G,"Commentaries,Deleted Scenes,Behind the Scenes",2006-02-15 05:03:00
764.00,Saturday Lambs,A Thoughtful Reflection of a Mad Scientist And a Moose who must Kill a Husband in A Baloon,2006,1,0,3,4.99,150,29,G,"Commentaries,Deleted Scenes",2006-02-15 05:03:00
765.00,Saturn Name,A Fateful Epistle of a Butler And a Boy who must Redeem a Teacher in Berlin,2006,1,0,7,4.99,182,19,R,"Trailers,Commentaries,Deleted Scenes,Behind the Scenes",2006-02-15 05:03:00
766.00,Savannah Town,A Awe-Inspiring Tale of a Astronaut And a Database Administrator who must Chase a Secret Agent in The Gulf of Mexico,2006,1,0,5,0.99,84,26,PG-13,"Commentaries,Deleted Scenes,Behind the Scenes",2006-02-15 05:03:00
767.00,Scalawag Duck,A Fateful Reflection of a Car And a Teacher who must Confront a Waitress in A Monastery,2006,1,0,6,4.99,183,14,NC-17,"Commentaries,Behind the Scenes",2006-02-15 05:03:00
768.00,Scarface Bang,A Emotional Yarn of a Teacher And a Girl who must Find a Teacher in A Baloon Factory,2006,1,0,3,4.99,102,12,PG-13,"Commentaries,Deleted Scenes",2006-02-15 05:03:00
769.00,School Jacket,A Intrepid Yarn of a Monkey And a Boy who must Fight a Composer in A Manhattan Penthouse,2006,1,0,5,4.99,151,22,PG-13,Trailers,2006-02-15 05:03:00
770.00,Scissorhands Slums,A Awe-Inspiring Drama of a Girl And a Technical Writer who must Meet a Feminist in The Canadian Rockies,2006,1,0,5,2.99,147,14,G,"Commentaries,Deleted Scenes,Behind the Scenes",2006-02-15 05:03:00
771.00,Scorpion Apollo,A Awe-Inspiring Documentary of a Technical Writer And a Husband who must Meet a Monkey in An Abandoned Fun House,2006,1,0,3,4.99,137,24,NC-17,"Commentaries,Deleted Scenes",2006-02-15 05:03:00
772.00,Sea Virgin,A Fast-Paced Documentary of a Technical Writer And a Pastry Chef who must Escape a Moose in A U-Boat,2006,1,0,4,2.99,80,25,PG,Deleted Scenes,2006-02-15 05:03:00
773.00,Seabiscuit Punk,A Insightful Saga of a Man And a Forensic Psychologist who must Discover a Mad Cow in A MySQL Convention,2006,1,0,6,2.99,112,29,NC-17,"Commentaries,Deleted Scenes,Behind the Scenes",2006-02-15 05:03:00
774.00,Searchers Wait,A Fast-Paced Tale of a Car And a Mad Scientist who must Kill a Womanizer in Ancient Japan,2006,1,0,3,2.99,182,23,NC-17,"Trailers,Commentaries,Deleted Scenes,Behind the Scenes",2006-02-15 05:03:00
775.00,Seattle Expecations,A Insightful Reflection of a Crocodile And a Sumo Wrestler who must Meet a Technical Writer in The Sahara Desert,2006,1,0,4,4.99,110,19,PG-13,Trailers,2006-02-15 05:03:00
776.00,Secret Groundhog,A Astounding Story of a Cat And a Database Administrator who must Build a Technical Writer in New Orleans,2006,1,0,6,4.99,90,12,PG,"Commentaries,Deleted Scenes",2006-02-15 05:03:00
777.00,Secretary Rouge,A Action-Packed Panorama of a Mad Cow And a Composer who must Discover a Robot in A Baloon Factory,2006,1,0,5,4.99,158,11,PG,"Commentaries,Behind the Scenes",2006-02-15 05:03:00
778.00,Secrets Paradise,A Fateful Saga of a Cat And a Frisbee who must Kill a Girl in A Manhattan Penthouse,2006,1,0,3,4.99,109,25,G,"Trailers,Commentaries",2006-02-15 05:03:00
779.00,Sense Greek,A Taut Saga of a Lumberjack And a Pastry Chef who must Escape a Sumo Wrestler in An Abandoned Fun House,2006,1,0,4,4.99,54,24,R,"Deleted Scenes,Behind the Scenes",2006-02-15 05:03:00
780.00,Sensibility Rear,A Emotional Tale of a Robot And a Sumo Wrestler who must Redeem a Pastry Chef in A Baloon Factory,2006,1,0,7,4.99,98,16,PG,Behind the Scenes,2006-02-15 05:03:00
781.00,Seven Swarm,A Unbelieveable Character Study of a Dog And a Mad Cow who must Kill a Monkey in Berlin,2006,1,0,4,4.99,127,16,R,Deleted Scenes,2006-02-15 05:03:00
782.00,Shakespeare Saddle,A Fast-Paced Panorama of a Lumberjack And a Database Administrator who must Defeat a Madman in A MySQL Convention,2006,1,0,6,2.99,60,27,PG-13,"Commentaries,Behind the Scenes",2006-02-15 05:03:00
783.00,Shane Darkness,A Action-Packed Saga of a Moose And a Lumberjack who must Find a Woman in Berlin,2006,1,0,5,2.99,93,23,PG,"Commentaries,Deleted Scenes",2006-02-15 05:03:00
784.00,Shanghai Tycoon,A Fast-Paced Character Study of a Crocodile And a Lumberjack who must Build a Husband in An Abandoned Fun House,2006,1,0,7,2.99,47,21,PG,"Commentaries,Deleted Scenes,Behind the Scenes",2006-02-15 05:03:00
785.00,Shawshank Bubble,A Lacklusture Story of a Moose And a Monkey who must Confront a Butler in An Abandoned Amusement Park,2006,1,0,6,4.99,80,21,PG,"Commentaries,Deleted Scenes",2006-02-15 05:03:00
786.00,Shepherd Midsummer,A Thoughtful Drama of a Robot And a Womanizer who must Kill a Lumberjack in A Baloon,2006,1,0,7,0.99,113,15,R,Deleted Scenes,2006-02-15 05:03:00
787.00,Shining Roses,A Awe-Inspiring Character Study of a Astronaut And a Forensic Psychologist who must Challenge a Madman in Ancient India,2006,1,0,4,0.99,125,13,G,"Trailers,Commentaries,Deleted Scenes,Behind the Scenes",2006-02-15 05:03:00
788.00,Ship Wonderland,A Thrilling Saga of a Monkey And a Frisbee who must Escape a Explorer in The Outback,2006,1,0,5,2.99,104,16,R,Commentaries,2006-02-15 05:03:00
789.00,Shock Cabin,A Fateful Tale of a Mad Cow And a Crocodile who must Meet a Husband in New Orleans,2006,1,0,7,2.99,79,16,PG-13,"Trailers,Commentaries,Behind the Scenes",2006-02-15 05:03:00
790.00,Shootist Superfly,A Fast-Paced Story of a Crocodile And a A Shark who must Sink a Pioneer in Berlin,2006,1,0,6,0.99,67,23,PG-13,Trailers,2006-02-15 05:03:00
791.00,Show Lord,A Fanciful Saga of a Student And a Girl who must Find a Butler in Ancient Japan,2006,1,0,3,4.99,167,25,PG-13,Deleted Scenes,2006-02-15 05:03:00
792.00,Shrek License,A Fateful Yarn of a Secret Agent And a Feminist who must Find a Feminist in A Jet Boat,2006,1,0,7,2.99,154,16,PG-13,Commentaries,2006-02-15 05:03:00
793.00,Shrunk Divine,A Fateful Character Study of a Waitress And a Technical Writer who must Battle a Hunter in A Baloon,2006,1,0,6,2.99,139,15,R,"Trailers,Deleted Scenes,Behind the Scenes",2006-02-15 05:03:00
794.00,Side Ark,A Stunning Panorama of a Crocodile And a Womanizer who must Meet a Feminist in The Canadian Rockies,2006,1,0,5,0.99,52,29,G,"Deleted Scenes,Behind the Scenes",2006-02-15 05:03:00
795.00,Siege Madre,A Boring Tale of a Frisbee And a Crocodile who must Vanquish a Moose in An Abandoned Mine Shaft,2006,1,0,7,0.99,111,24,R,"Trailers,Deleted Scenes",2006-02-15 05:03:00
796.00,Sierra Divide,A Emotional Character Study of a Frisbee And a Mad Scientist who must Build a Madman in California,2006,1,0,3,0.99,135,13,NC-17,"Commentaries,Deleted Scenes",2006-02-15 05:03:00
797.00,Silence Kane,A Emotional Drama of a Sumo Wrestler And a Dentist who must Confront a Sumo Wrestler in A Baloon,2006,1,0,7,0.99,67,24,R,"Trailers,Deleted Scenes,Behind the Scenes",2006-02-15 05:03:00
798.00,Silverado Goldfinger,A Stunning Epistle of a Sumo Wrestler And a Man who must Challenge a Waitress in Ancient India,2006,1,0,4,4.99,74,12,PG,"Trailers,Commentaries",2006-02-15 05:03:00
799.00,Simon North,A Thrilling Documentary of a Technical Writer And a A Shark who must Face a Pioneer in A Shark Tank,2006,1,0,3,0.99,51,27,NC-17,"Trailers,Commentaries",2006-02-15 05:03:00
800.00,Sinners Atlantis,A Epic Display of a Dog And a Boat who must Succumb a Mad Scientist in An Abandoned Mine Shaft,2006,1,0,7,2.99,126,20,PG-13,"Trailers,Commentaries,Deleted Scenes",2006-02-15 05:03:00
801.00,Sister Freddy,A Stunning Saga of a Butler And a Woman who must Pursue a Explorer in Australia,2006,1,0,5,4.99,152,20,PG-13,"Trailers,Behind the Scenes",2006-02-15 05:03:00
802.00,Sky Miracle,A Epic Drama of a Mad Scientist And a Explorer who must Succumb a Waitress in An Abandoned Fun House,2006,1,0,7,2.99,132,16,PG,"Trailers,Commentaries,Deleted Scenes",2006-02-15 05:03:00
803.00,Slacker Liaisons,A Fast-Paced Tale of a A Shark And a Student who must Meet a Crocodile in Ancient China,2006,1,0,7,4.99,179,30,R,"Trailers,Commentaries,Behind the Scenes",2006-02-15 05:03:00
804.00,Sleeping Suspects,A Stunning Reflection of a Sumo Wrestler And a Explorer who must Sink a Frisbee in A MySQL Convention,2006,1,0,7,4.99,129,14,PG-13,"Trailers,Commentaries",2006-02-15 05:03:00
805.00,Sleepless Monsoon,A Amazing Saga of a Moose And a Pastry Chef who must Escape a Butler in Australia,2006,1,0,5,4.99,64,13,G,"Trailers,Deleted Scenes,Behind the Scenes",2006-02-15 05:03:00
806.00,Sleepy Japanese,A Emotional Epistle of a Moose And a Composer who must Fight a Technical Writer in The Outback,2006,1,0,4,2.99,137,26,PG,"Trailers,Commentaries,Deleted Scenes",2006-02-15 05:03:00
807.00,Sleuth Orient,A Fateful Character Study of a Husband And a Dog who must Find a Feminist in Ancient India,2006,1,0,4,0.99,87,26,NC-17,"Deleted Scenes,Behind the Scenes",2006-02-15 05:03:00
808.00,Sling Luke,A Intrepid Character Study of a Robot And a Monkey who must Reach a Secret Agent in An Abandoned Amusement Park,2006,1,0,5,0.99,84,11,R,Behind the Scenes,2006-02-15 05:03:00
809.00,Slipper Fidelity,A Taut Reflection of a Secret Agent And a Man who must Redeem a Explorer in A MySQL Convention,2006,1,0,5,0.99,156,15,PG-13,"Trailers,Deleted Scenes",2006-02-15 05:03:00
810.00,Slums Duck,A Amazing Character Study of a Teacher And a Database Administrator who must Defeat a Waitress in A Jet Boat,2006,1,0,5,0.99,147,22,PG,"Commentaries,Deleted Scenes,Behind the Scenes",2006-02-15 05:03:00
811.00,Smile Earring,A Intrepid Drama of a Teacher And a Butler who must Build a Pastry Chef in Berlin,2006,1,0,4,2.99,60,30,G,"Commentaries,Behind the Scenes",2006-02-15 05:03:00
812.00,Smoking Barbarella,A Lacklusture Saga of a Mad Cow And a Mad Scientist who must Sink a Cat in A MySQL Convention,2006,1,0,7,0.99,50,14,PG-13,Behind the Scenes,2006-02-15 05:03:00
813.00,Smoochy Control,A Thrilling Documentary of a Husband And a Feminist who must Face a Mad Scientist in Ancient China,2006,1,0,7,0.99,184,19,R,Behind the Scenes,2006-02-15 05:03:00
814.00,Snatch Slipper,A Insightful Panorama of a Woman And a Feminist who must Defeat a Forensic Psychologist in Berlin,2006,1,0,6,4.99,110,16,PG,Commentaries,2006-02-15 05:03:00
815.00,Snatchers Montezuma,A Boring Epistle of a Sumo Wrestler And a Woman who must Escape a Man in The Canadian Rockies,2006,1,0,4,2.99,74,15,PG-13,Commentaries,2006-02-15 05:03:00
816.00,Snowman Rollercoaster,A Fateful Display of a Lumberjack And a Girl who must Succumb a Mad Cow in A Manhattan Penthouse,2006,1,0,3,0.99,62,28,G,Trailers,2006-02-15 05:03:00
817.00,Soldiers Evolution,A Lacklusture Panorama of a A Shark And a Pioneer who must Confront a Student in The First Manned Space Station,2006,1,0,7,4.99,185,28,R,"Trailers,Commentaries,Deleted Scenes,Behind the Scenes",2006-02-15 05:03:00
818.00,Something Duck,A Boring Character Study of a Car And a Husband who must Outgun a Frisbee in The First Manned Space Station,2006,1,0,4,4.99,180,18,NC-17,"Commentaries,Behind the Scenes",2006-02-15 05:03:00
819.00,Song Hedwig,A Amazing Documentary of a Man And a Husband who must Confront a Squirrel in A MySQL Convention,2006,1,0,3,0.99,165,30,PG-13,"Trailers,Deleted Scenes",2006-02-15 05:03:00
820.00,Sons Interview,A Taut Character Study of a Explorer And a Mad Cow who must Battle a Hunter in Ancient China,2006,1,0,3,2.99,184,12,NC-17,"Commentaries,Behind the Scenes",2006-02-15 05:03:00
821.00,Sorority Queen,A Fast-Paced Display of a Squirrel And a Composer who must Fight a Forensic Psychologist in A Jet Boat,2006,1,0,6,0.99,184,18,NC-17,"Trailers,Deleted Scenes",2006-02-15 05:03:00
822.00,Soup Wisdom,A Fast-Paced Display of a Robot And a Butler who must Defeat a Butler in A MySQL Convention,2006,1,0,6,0.99,169,13,R,Behind the Scenes,2006-02-15 05:03:00
823.00,South Wait,A Amazing Documentary of a Car And a Robot who must Escape a Lumberjack in An Abandoned Amusement Park,2006,1,0,4,2.99,143,22,R,"Commentaries,Behind the Scenes",2006-02-15 05:03:00
824.00,Spartacus Cheaper,A Thrilling Panorama of a Pastry Chef And a Secret Agent who must Overcome a Student in A Manhattan Penthouse,2006,1,0,4,4.99,52,20,NC-17,"Deleted Scenes,Behind the Scenes",2006-02-15 05:03:00
825.00,Speakeasy Date,A Lacklusture Drama of a Forensic Psychologist And a Car who must Redeem a Man in A Manhattan Penthouse,2006,1,0,6,2.99,165,23,PG-13,"Deleted Scenes,Behind the Scenes",2006-02-15 05:03:00
826.00,Speed Suit,A Brilliant Display of a Frisbee And a Mad Scientist who must Succumb a Robot in Ancient China,2006,1,0,7,4.99,124,20,PG-13,"Commentaries,Behind the Scenes",2006-02-15 05:03:00
827.00,Spice Sorority,A Fateful Display of a Pioneer And a Hunter who must Defeat a Husband in An Abandoned Mine Shaft,2006,1,0,5,4.99,141,23,NC-17,"Trailers,Commentaries,Deleted Scenes,Behind the Scenes",2006-02-15 05:03:00
828.00,Spiking Element,A Lacklusture Epistle of a Dentist And a Technical Writer who must Find a Dog in A Monastery,2006,1,0,7,2.99,79,13,G,"Trailers,Deleted Scenes,Behind the Scenes",2006-02-15 05:03:00
829.00,Spinal Rocky,A Lacklusture Epistle of a Sumo Wrestler And a Squirrel who must Defeat a Explorer in California,2006,1,0,7,2.99,138,13,PG-13,"Commentaries,Deleted Scenes",2006-02-15 05:03:00
830.00,Spirit Flintstones,A Brilliant Yarn of a Cat And a Car who must Confront a Explorer in Ancient Japan,2006,1,0,7,0.99,149,24,R,"Commentaries,Deleted Scenes",2006-02-15 05:03:00
831.00,Spirited Casualties,A Taut Story of a Waitress And a Man who must Face a Car in A Baloon Factory,2006,1,0,5,0.99,138,21,PG-13,"Commentaries,Behind the Scenes",2006-02-15 05:03:00
832.00,Splash Gump,A Taut Saga of a Crocodile And a Boat who must Conquer a Hunter in A Shark Tank,2006,1,0,5,0.99,175,17,PG,"Trailers,Commentaries,Deleted Scenes,Behind the Scenes",2006-02-15 05:03:00
833.00,Splendor Patton,A Taut Story of a Dog And a Explorer who must Find a Astronaut in Berlin,2006,1,0,5,0.99,134,21,R,"Trailers,Commentaries,Deleted Scenes,Behind the Scenes",2006-02-15 05:03:00
834.00,Spoilers Hellfighters,A Fanciful Story of a Technical Writer And a Squirrel who must Defeat a Dog in The Gulf of Mexico,2006,1,0,4,0.99,151,27,G,"Trailers,Commentaries,Deleted Scenes,Behind the Scenes",2006-02-15 05:03:00
835.00,Spy Mile,A Thrilling Documentary of a Feminist And a Feminist who must Confront a Feminist in A Baloon,2006,1,0,6,2.99,112,14,PG-13,"Trailers,Commentaries,Deleted Scenes,Behind the Scenes",2006-02-15 05:03:00
836.00,Squad Fish,A Fast-Paced Display of a Pastry Chef And a Dog who must Kill a Teacher in Berlin,2006,1,0,3,2.99,136,15,PG,"Commentaries,Deleted Scenes,Behind the Scenes",2006-02-15 05:03:00
837.00,Stage World,A Lacklusture Panorama of a Woman And a Frisbee who must Chase a Crocodile in A Jet Boat,2006,1,0,4,2.99,85,20,PG,"Commentaries,Behind the Scenes",2006-02-15 05:03:00
838.00,Stagecoach Armageddon,A Touching Display of a Pioneer And a Butler who must Chase a Car in California,2006,1,0,5,4.99,112,26,R,"Trailers,Deleted Scenes",2006-02-15 05:03:00
839.00,Stallion Sundance,A Fast-Paced Tale of a Car And a Dog who must Outgun a A Shark in Australia,2006,1,0,5,0.99,130,24,PG-13,"Deleted Scenes,Behind the Scenes",2006-02-15 05:03:00
840.00,Stampede Disturbing,A Unbelieveable Tale of a Woman And a Lumberjack who must Fight a Frisbee in A U-Boat,2006,1,0,5,0.99,75,27,R,"Commentaries,Deleted Scenes,Behind the Scenes",2006-02-15 05:03:00
841.00,Star Operation,A Insightful Character Study of a Girl And a Car who must Pursue a Mad Cow in A Shark Tank,2006,1,0,5,2.99,181,10,PG,Commentaries,2006-02-15 05:03:00
842.00,State Wasteland,A Beautiful Display of a Cat And a Pastry Chef who must Outrace a Mad Cow in A Jet Boat,2006,1,0,4,2.99,113,14,NC-17,"Trailers,Commentaries,Deleted Scenes,Behind the Scenes",2006-02-15 05:03:00
843.00,Steel Santa,A Fast-Paced Yarn of a Composer And a Frisbee who must Face a Moose in Nigeria,2006,1,0,4,4.99,143,16,NC-17,"Commentaries,Deleted Scenes",2006-02-15 05:03:00
844.00,Steers Armageddon,A Stunning Character Study of a Car And a Girl who must Succumb a Car in A MySQL Convention,2006,1,0,6,4.99,140,17,PG,"Trailers,Commentaries,Deleted Scenes,Behind the Scenes",2006-02-15 05:03:00
845.00,Stepmom Dream,A Touching Epistle of a Crocodile And a Teacher who must Build a Forensic Psychologist in A MySQL Convention,2006,1,0,7,4.99,48,10,NC-17,"Deleted Scenes,Behind the Scenes",2006-02-15 05:03:00
846.00,Sting Personal,A Fanciful Drama of a Frisbee And a Dog who must Fight a Madman in A Jet Boat,2006,1,0,3,4.99,93,10,NC-17,"Commentaries,Deleted Scenes,Behind the Scenes",2006-02-15 05:03:00
847.00,Stock Glass,A Boring Epistle of a Crocodile And a Lumberjack who must Outgun a Moose in Ancient China,2006,1,0,7,2.99,160,11,PG,Commentaries,2006-02-15 05:03:00
848.00,Stone Fire,A Intrepid Drama of a Astronaut And a Crocodile who must Find a Boat in Soviet Georgia,2006,1,0,3,0.99,94,20,G,Trailers,2006-02-15 05:03:00
849.00,Storm Happiness,A Insightful Drama of a Feminist And a A Shark who must Vanquish a Boat in A Shark Tank,2006,1,0,6,0.99,57,29,NC-17,"Trailers,Commentaries,Behind the Scenes",2006-02-15 05:03:00
850.00,Story Side,A Lacklusture Saga of a Boy And a Cat who must Sink a Dentist in An Abandoned Mine Shaft,2006,1,0,7,0.99,163,28,R,"Trailers,Behind the Scenes",2006-02-15 05:03:00
851.00,Straight Hours,A Boring Panorama of a Secret Agent And a Girl who must Sink a Waitress in The Outback,2006,1,0,3,0.99,151,20,R,"Commentaries,Behind the Scenes",2006-02-15 05:03:00
852.00,Strangelove Desire,A Awe-Inspiring Panorama of a Lumberjack And a Waitress who must Defeat a Crocodile in An Abandoned Amusement Park,2006,1,0,4,0.99,103,28,NC-17,"Trailers,Commentaries,Deleted Scenes",2006-02-15 05:03:00
853.00,Stranger Strangers,A Awe-Inspiring Yarn of a Womanizer And a Explorer who must Fight a Woman in The First Manned Space Station,2006,1,0,3,4.99,139,13,G,"Commentaries,Deleted Scenes",2006-02-15 05:03:00
854.00,Strangers Graffiti,A Brilliant Character Study of a Secret Agent And a Man who must Find a Cat in The Gulf of Mexico,2006,1,0,4,4.99,119,23,R,"Trailers,Behind the Scenes",2006-02-15 05:03:00
855.00,Streak Ridgemont,A Astounding Character Study of a Hunter And a Waitress who must Sink a Man in New Orleans,2006,1,0,7,0.99,132,29,PG-13,"Trailers,Behind the Scenes",2006-02-15 05:03:00
856.00,Streetcar Intentions,A Insightful Character Study of a Waitress And a Crocodile who must Sink a Waitress in The Gulf of Mexico,2006,1,0,5,4.99,73,12,R,Commentaries,2006-02-15 05:03:00
857.00,Strictly Scarface,A Touching Reflection of a Crocodile And a Dog who must Chase a Hunter in An Abandoned Fun House,2006,1,0,3,2.99,144,25,PG-13,"Commentaries,Deleted Scenes,Behind the Scenes",2006-02-15 05:03:00
858.00,Submarine Bed,A Amazing Display of a Car And a Monkey who must Fight a Teacher in Soviet Georgia,2006,1,0,5,4.99,127,22,R,Trailers,2006-02-15 05:03:00
859.00,Sugar Wonka,A Touching Story of a Dentist And a Database Administrator who must Conquer a Astronaut in An Abandoned Amusement Park,2006,1,0,3,4.99,114,21,PG,"Trailers,Commentaries,Behind the Scenes",2006-02-15 05:03:00
860.00,Suicides Silence,A Emotional Character Study of a Car And a Girl who must Face a Composer in A U-Boat,2006,1,0,4,4.99,93,14,G,Deleted Scenes,2006-02-15 05:03:00
861.00,Suit Walls,A Touching Panorama of a Lumberjack And a Frisbee who must Build a Dog in Australia,2006,1,0,3,4.99,111,13,R,Commentaries,2006-02-15 05:03:00
862.00,Summer Scarface,A Emotional Panorama of a Lumberjack And a Hunter who must Meet a Girl in A Shark Tank,2006,1,0,5,0.99,53,26,G,"Deleted Scenes,Behind the Scenes",2006-02-15 05:03:00
863.00,Sun Confessions,A Beautiful Display of a Mad Cow And a Dog who must Redeem a Waitress in An Abandoned Amusement Park,2006,1,0,5,0.99,141,10,R,"Trailers,Behind the Scenes",2006-02-15 05:03:00
864.00,Sundance Invasion,A Epic Drama of a Lumberjack And a Explorer who must Confront a Hunter in A Baloon Factory,2006,1,0,5,0.99,92,22,NC-17,"Commentaries,Behind the Scenes",2006-02-15 05:03:00
865.00,Sunrise League,A Beautiful Epistle of a Madman And a Butler who must Face a Crocodile in A Manhattan Penthouse,2006,1,0,3,4.99,135,20,PG-13,Behind the Scenes,2006-02-15 05:03:00
866.00,Sunset Racer,A Awe-Inspiring Reflection of a Astronaut And a A Shark who must Defeat a Forensic Psychologist in California,2006,1,0,6,0.99,48,29,NC-17,"Commentaries,Behind the Scenes",2006-02-15 05:03:00
867.00,Super Wyoming,A Action-Packed Saga of a Pastry Chef And a Explorer who must Discover a A Shark in The Outback,2006,1,0,5,4.99,58,11,PG,"Trailers,Commentaries,Behind the Scenes",2006-02-15 05:03:00
868.00,Superfly Trip,A Beautiful Saga of a Lumberjack And a Teacher who must Build a Technical Writer in An Abandoned Fun House,2006,1,0,5,0.99,114,28,PG,"Commentaries,Behind the Scenes",2006-02-15 05:03:00
869.00,Suspects Quills,A Emotional Epistle of a Pioneer And a Crocodile who must Battle a Man in A Manhattan Penthouse,2006,1,0,4,2.99,47,23,PG,Trailers,2006-02-15 05:03:00
870.00,Swarm Gold,A Insightful Panorama of a Crocodile And a Boat who must Conquer a Sumo Wrestler in A MySQL Convention,2006,1,0,4,0.99,123,13,PG-13,"Trailers,Commentaries",2006-02-15 05:03:00
871.00,Sweden Shining,A Taut Documentary of a Car And a Robot who must Conquer a Boy in The Canadian Rockies,2006,1,0,6,4.99,176,20,PG,"Deleted Scenes,Behind the Scenes",2006-02-15 05:03:00
872.00,Sweet Brotherhood,A Unbelieveable Epistle of a Sumo Wrestler And a Hunter who must Chase a Forensic Psychologist in A Baloon,2006,1,0,3,2.99,185,28,R,Deleted Scenes,2006-02-15 05:03:00
873.00,Sweethearts Suspects,A Brilliant Character Study of a Frisbee And a Sumo Wrestler who must Confront a Woman in The Gulf of Mexico,2006,1,0,3,0.99,108,14,G,"Trailers,Commentaries,Deleted Scenes,Behind the Scenes",2006-02-15 05:03:00
874.00,Tadpole Park,A Beautiful Tale of a Frisbee And a Moose who must Vanquish a Dog in An Abandoned Amusement Park,2006,1,0,6,2.99,155,14,PG,"Trailers,Commentaries",2006-02-15 05:03:00
875.00,Talented Homicide,A Lacklusture Panorama of a Dentist And a Forensic Psychologist who must Outrace a Pioneer in A U-Boat,2006,1,0,6,0.99,173,10,PG,"Commentaries,Deleted Scenes,Behind the Scenes",2006-02-15 05:03:00
876.00,Tarzan Videotape,A Fast-Paced Display of a Lumberjack And a Mad Scientist who must Succumb a Sumo Wrestler in The Sahara Desert,2006,1,0,3,2.99,91,12,PG-13,Trailers,2006-02-15 05:03:00
877.00,Taxi Kick,A Amazing Epistle of a Girl And a Woman who must Outrace a Waitress in Soviet Georgia,2006,1,0,4,0.99,64,24,PG-13,"Commentaries,Deleted Scenes",2006-02-15 05:03:00
878.00,Teen Apollo,A Awe-Inspiring Drama of a Dog And a Man who must Escape a Robot in A Shark Tank,2006,1,0,3,4.99,74,26,G,"Trailers,Deleted Scenes,Behind the Scenes",2006-02-15 05:03:00
879.00,Telegraph Voyage,A Fateful Yarn of a Husband And a Dog who must Battle a Waitress in A Jet Boat,2006,1,0,3,4.99,148,21,PG,Commentaries,2006-02-15 05:03:00
880.00,Telemark Heartbreakers,A Action-Packed Panorama of a Technical Writer And a Man who must Build a Forensic Psychologist in A Manhattan Penthouse,2006,1,0,6,2.99,152,10,PG-13,"Trailers,Commentaries,Deleted Scenes,Behind the Scenes",2006-02-15 05:03:00
881.00,Temple Attraction,A Action-Packed Saga of a Forensic Psychologist And a Woman who must Battle a Womanizer in Soviet Georgia,2006,1,0,5,4.99,71,14,PG,"Commentaries,Deleted Scenes",2006-02-15 05:03:00
882.00,Tenenbaums Command,A Taut Display of a Pioneer And a Man who must Reach a Girl in The Gulf of Mexico,2006,1,0,4,0.99,99,25,PG-13,"Trailers,Commentaries",2006-02-15 05:03:00
883.00,Tequila Past,A Action-Packed Panorama of a Mad Scientist And a Robot who must Challenge a Student in Nigeria,2006,1,0,6,4.99,53,18,PG,"Commentaries,Behind the Scenes",2006-02-15 05:03:00
884.00,Terminator Club,A Touching Story of a Crocodile And a Girl who must Sink a Man in The Gulf of Mexico,2006,1,0,5,4.99,88,12,R,"Trailers,Deleted Scenes,Behind the Scenes",2006-02-15 05:03:00
885.00,Texas Watch,A Awe-Inspiring Yarn of a Student And a Teacher who must Fight a Teacher in An Abandoned Amusement Park,2006,1,0,7,0.99,179,23,NC-17,Trailers,2006-02-15 05:03:00
886.00,Theory Mermaid,A Fateful Yarn of a Composer And a Monkey who must Vanquish a Womanizer in The First Manned Space Station,2006,1,0,5,0.99,184,10,PG-13,"Deleted Scenes,Behind the Scenes",2006-02-15 05:03:00
887.00,Thief Pelican,A Touching Documentary of a Madman And a Mad Scientist who must Outrace a Feminist in An Abandoned Mine Shaft,2006,1,0,5,4.99,135,29,PG-13,"Deleted Scenes,Behind the Scenes",2006-02-15 05:03:00
888.00,Thin Sagebrush,A Emotional Drama of a Husband And a Lumberjack who must Build a Cat in Ancient India,2006,1,0,5,4.99,53,10,PG-13,Behind the Scenes,2006-02-15 05:03:00
889.00,Ties Hunger,A Insightful Saga of a Astronaut And a Explorer who must Pursue a Mad Scientist in A U-Boat,2006,1,0,3,4.99,111,29,R,Deleted Scenes,2006-02-15 05:03:00
890.00,Tights Dawn,A Thrilling Epistle of a Boat And a Secret Agent who must Face a Boy in A Baloon,2006,1,0,5,0.99,172,15,R,"Trailers,Behind the Scenes",2006-02-15 05:03:00
891.00,Timberland Sky,A Boring Display of a Man And a Dog who must Redeem a Girl in A U-Boat,2006,1,0,3,0.99,69,14,G,Commentaries,2006-02-15 05:03:00
892.00,Titanic Boondock,A Brilliant Reflection of a Feminist And a Dog who must Fight a Boy in A Baloon Factory,2006,1,0,3,4.99,104,19,R,"Trailers,Commentaries,Deleted Scenes,Behind the Scenes",2006-02-15 05:03:00
893.00,Titans Jerk,A Unbelieveable Panorama of a Feminist And a Sumo Wrestler who must Challenge a Technical Writer in Ancient China,2006,1,0,4,4.99,91,12,PG,Behind the Scenes,2006-02-15 05:03:00
894.00,Tomatoes Hellfighters,A Thoughtful Epistle of a Madman And a Astronaut who must Overcome a Monkey in A Shark Tank,2006,1,0,6,0.99,68,24,PG,Behind the Scenes,2006-02-15 05:03:00
895.00,Tomorrow Hustler,A Thoughtful Story of a Moose And a Husband who must Face a Secret Agent in The Sahara Desert,2006,1,0,3,2.99,142,22,R,Commentaries,2006-02-15 05:03:00
896.00,Tootsie Pilot,A Awe-Inspiring Documentary of a Womanizer And a Pastry Chef who must Kill a Lumberjack in Berlin,2006,1,0,3,0.99,157,11,PG,"Commentaries,Deleted Scenes,Behind the Scenes",2006-02-15 05:03:00
897.00,Torque Bound,A Emotional Display of a Crocodile And a Husband who must Reach a Man in Ancient Japan,2006,1,0,3,4.99,179,28,G,"Trailers,Commentaries",2006-02-15 05:03:00
898.00,Tourist Pelican,A Boring Story of a Butler And a Astronaut who must Outrace a Pioneer in Australia,2006,1,0,4,4.99,152,19,PG-13,Deleted Scenes,2006-02-15 05:03:00
899.00,Towers Hurricane,A Fateful Display of a Monkey And a Car who must Sink a Husband in A MySQL Convention,2006,1,0,7,0.99,144,15,NC-17,"Commentaries,Behind the Scenes",2006-02-15 05:03:00
900.00,Town Ark,A Awe-Inspiring Documentary of a Moose And a Madman who must Meet a Dog in An Abandoned Mine Shaft,2006,1,0,6,2.99,136,18,R,Behind the Scenes,2006-02-15 05:03:00
901.00,Tracy Cider,A Touching Reflection of a Database Administrator And a Madman who must Build a Lumberjack in Nigeria,2006,1,0,3,0.99,142,30,G,"Trailers,Commentaries,Behind the Scenes",2006-02-15 05:03:00
902.00,Trading Pinocchio,A Emotional Character Study of a Student And a Explorer who must Discover a Frisbee in The First Manned Space Station,2006,1,0,6,4.99,170,23,PG,"Trailers,Deleted Scenes,Behind the Scenes",2006-02-15 05:03:00
903.00,Traffic Hobbit,A Amazing Epistle of a Squirrel And a Lumberjack who must Succumb a Database Administrator in A U-Boat,2006,1,0,5,4.99,139,14,G,"Trailers,Commentaries",2006-02-15 05:03:00
904.00,Train Bunch,A Thrilling Character Study of a Robot And a Squirrel who must Face a Dog in Ancient India,2006,1,0,3,4.99,71,27,R,"Trailers,Deleted Scenes",2006-02-15 05:03:00
905.00,Trainspotting Strangers,A Fast-Paced Drama of a Pioneer And a Mad Cow who must Challenge a Madman in Ancient Japan,2006,1,0,7,4.99,132,11,PG-13,Trailers,2006-02-15 05:03:00
906.00,Tramp Others,A Brilliant Display of a Composer And a Cat who must Succumb a A Shark in Ancient India,2006,1,0,4,0.99,171,28,PG,Deleted Scenes,2006-02-15 05:03:00
907.00,Translation Summer,A Touching Reflection of a Man And a Monkey who must Pursue a Womanizer in A MySQL Convention,2006,1,0,4,0.99,168,11,PG-13,Trailers,2006-02-15 05:03:00
908.00,Trap Guys,A Unbelieveable Story of a Boy And a Mad Cow who must Challenge a Database Administrator in The Sahara Desert,2006,1,0,3,4.99,110,12,G,"Commentaries,Behind the Scenes",2006-02-15 05:03:00
909.00,Treasure Command,A Emotional Saga of a Car And a Madman who must Discover a Pioneer in California,2006,1,0,3,0.99,102,29,PG-13,"Trailers,Commentaries,Deleted Scenes,Behind the Scenes",2006-02-15 05:03:00
910.00,Treatment Jekyll,A Boring Story of a Teacher And a Student who must Outgun a Cat in An Abandoned Mine Shaft,2006,1,0,3,0.99,87,20,PG,"Trailers,Deleted Scenes,Behind the Scenes",2006-02-15 05:03:00
911.00,Trip Newton,A Fanciful Character Study of a Lumberjack And a Car who must Discover a Cat in An Abandoned Amusement Park,2006,1,0,7,4.99,64,15,PG-13,"Commentaries,Deleted Scenes",2006-02-15 05:03:00
912.00,Trojan Tomorrow,A Astounding Panorama of a Husband And a Sumo Wrestler who must Pursue a Boat in Ancient India,2006,1,0,3,2.99,52,10,PG,"Commentaries,Deleted Scenes",2006-02-15 05:03:00
913.00,Troopers Metal,A Fanciful Drama of a Monkey And a Feminist who must Sink a Man in Berlin,2006,1,0,3,0.99,115,21,R,"Deleted Scenes,Behind the Scenes",2006-02-15 05:03:00
914.00,Trouble Date,A Lacklusture Panorama of a Forensic Psychologist And a Woman who must Kill a Explorer in Ancient Japan,2006,1,0,6,2.99,61,14,PG,"Trailers,Commentaries,Behind the Scenes",2006-02-15 05:03:00
915.00,Truman Crazy,A Thrilling Epistle of a Moose And a Boy who must Meet a Database Administrator in A Monastery,2006,1,0,7,4.99,92,10,G,"Trailers,Commentaries",2006-02-15 05:03:00
916.00,Turn Star,A Stunning Tale of a Man And a Monkey who must Chase a Student in New Orleans,2006,1,0,3,2.99,80,11,G,"Commentaries,Behind the Scenes",2006-02-15 05:03:00
917.00,Tuxedo Mile,A Boring Drama of a Man And a Forensic Psychologist who must Face a Frisbee in Ancient India,2006,1,0,3,2.99,152,25,R,"Commentaries,Deleted Scenes,Behind the Scenes",2006-02-15 05:03:00
918.00,Twisted Pirates,A Touching Display of a Frisbee And a Boat who must Kill a Girl in A MySQL Convention,2006,1,0,4,4.99,152,24,PG,"Trailers,Commentaries,Deleted Scenes",2006-02-15 05:03:00
919.00,Tycoon Gathering,A Emotional Display of a Husband And a A Shark who must Succumb a Madman in A Manhattan Penthouse,2006,1,0,3,4.99,82,18,G,"Trailers,Commentaries,Deleted Scenes",2006-02-15 05:03:00
920.00,Unbreakable Karate,A Amazing Character Study of a Robot And a Student who must Chase a Robot in Australia,2006,1,0,3,0.99,62,17,G,"Deleted Scenes,Behind the Scenes",2006-02-15 05:03:00
921.00,Uncut Suicides,A Intrepid Yarn of a Explorer And a Pastry Chef who must Pursue a Mad Cow in A U-Boat,2006,1,0,7,2.99,172,30,PG-13,"Trailers,Commentaries,Behind the Scenes",2006-02-15 05:03:00
922.00,Undefeated Dalmations,A Unbelieveable Display of a Crocodile And a Feminist who must Overcome a Moose in An Abandoned Amusement Park,2006,1,0,7,4.99,107,23,PG-13,Commentaries,2006-02-15 05:03:00
923.00,Unfaithful Kill,A Taut Documentary of a Waitress And a Mad Scientist who must Battle a Technical Writer in New Orleans,2006,1,0,7,2.99,78,13,R,"Commentaries,Deleted Scenes",2006-02-15 05:03:00
924.00,Unforgiven Zoolander,A Taut Epistle of a Monkey And a Sumo Wrestler who must Vanquish a A Shark in A Baloon Factory,2006,1,0,7,0.99,129,16,PG,"Trailers,Commentaries,Behind the Scenes",2006-02-15 05:03:00
925.00,United Pilot,A Fast-Paced Reflection of a Cat And a Mad Cow who must Fight a Car in The Sahara Desert,2006,1,0,3,0.99,164,28,R,"Trailers,Deleted Scenes",2006-02-15 05:03:00
926.00,Untouchables Sunrise,A Amazing Documentary of a Woman And a Astronaut who must Outrace a Teacher in An Abandoned Fun House,2006,1,0,5,2.99,120,12,NC-17,"Trailers,Deleted Scenes",2006-02-15 05:03:00
927.00,Uprising Uptown,A Fanciful Reflection of a Boy And a Butler who must Pursue a Woman in Berlin,2006,1,0,6,2.99,174,17,NC-17,"Trailers,Behind the Scenes",2006-02-15 05:03:00
928.00,Uptown Young,A Fateful Documentary of a Dog And a Hunter who must Pursue a Teacher in An Abandoned Amusement Park,2006,1,0,5,2.99,84,17,PG,Commentaries,2006-02-15 05:03:00
929.00,Usual Untouchables,A Touching Display of a Explorer And a Lumberjack who must Fight a Forensic Psychologist in A Shark Tank,2006,1,0,5,4.99,128,22,PG-13,"Trailers,Commentaries,Behind the Scenes",2006-02-15 05:03:00
930.00,Vacation Boondock,A Fanciful Character Study of a Secret Agent And a Mad Scientist who must Reach a Teacher in Australia,2006,1,0,4,2.99,145,24,R,Commentaries,2006-02-15 05:03:00
931.00,Valentine Vanishing,A Thrilling Display of a Husband And a Butler who must Reach a Pastry Chef in California,2006,1,0,7,0.99,48,10,PG-13,"Trailers,Behind the Scenes",2006-02-15 05:03:00
932.00,Valley Packer,A Astounding Documentary of a Astronaut And a Boy who must Outrace a Sumo Wrestler in Berlin,2006,1,0,3,0.99,73,22,G,"Commentaries,Deleted Scenes",2006-02-15 05:03:00
933.00,Vampire Whale,A Epic Story of a Lumberjack And a Monkey who must Confront a Pioneer in A MySQL Convention,2006,1,0,4,4.99,126,12,NC-17,"Trailers,Commentaries",2006-02-15 05:03:00
934.00,Vanilla Day,A Fast-Paced Saga of a Girl And a Forensic Psychologist who must Redeem a Girl in Nigeria,2006,1,0,7,4.99,122,21,NC-17,"Deleted Scenes,Behind the Scenes",2006-02-15 05:03:00
935.00,Vanished Garden,A Intrepid Character Study of a Squirrel And a A Shark who must Kill a Lumberjack in California,2006,1,0,5,0.99,142,18,R,"Trailers,Commentaries,Deleted Scenes",2006-02-15 05:03:00
936.00,Vanishing Rocky,A Brilliant Reflection of a Man And a Woman who must Conquer a Pioneer in A MySQL Convention,2006,1,0,3,2.99,123,22,NC-17,"Trailers,Commentaries,Behind the Scenes",2006-02-15 05:03:00
937.00,Varsity Trip,A Action-Packed Character Study of a Astronaut And a Explorer who must Reach a Monkey in A MySQL Convention,2006,1,0,7,2.99,85,15,NC-17,"Commentaries,Deleted Scenes",2006-02-15 05:03:00
938.00,Velvet Terminator,A Lacklusture Tale of a Pastry Chef And a Technical Writer who must Confront a Crocodile in An Abandoned Amusement Park,2006,1,0,3,4.99,173,15,R,Behind the Scenes,2006-02-15 05:03:00
939.00,Vertigo Northwest,A Unbelieveable Display of a Mad Scientist And a Mad Scientist who must Outgun a Mad Cow in Ancient Japan,2006,1,0,4,2.99,90,18,R,"Commentaries,Behind the Scenes",2006-02-15 05:03:00
940.00,Victory Academy,A Insightful Epistle of a Mad Scientist And a Explorer who must Challenge a Cat in The Sahara Desert,2006,1,0,6,0.99,64,20,PG-13,"Trailers,Behind the Scenes",2006-02-15 05:03:00
941.00,Videotape Arsenic,A Lacklusture Display of a Girl And a Astronaut who must Succumb a Student in Australia,2006,1,0,4,4.99,145,11,NC-17,"Commentaries,Deleted Scenes,Behind the Scenes",2006-02-15 05:03:00
942.00,Vietnam Smoochy,A Lacklusture Display of a Butler And a Man who must Sink a Explorer in Soviet Georgia,2006,1,0,7,0.99,174,28,PG-13,"Deleted Scenes,Behind the Scenes",2006-02-15 05:03:00
943.00,Villain Desperate,A Boring Yarn of a Pioneer And a Feminist who must Redeem a Cat in An Abandoned Amusement Park,2006,1,0,4,4.99,76,28,PG-13,"Trailers,Commentaries",2006-02-15 05:03:00
944.00,Virgin Daisy,A Awe-Inspiring Documentary of a Robot And a Mad Scientist who must Reach a Database Administrator in A Shark Tank,2006,1,0,6,4.99,179,30,PG-13,"Trailers,Behind the Scenes",2006-02-15 05:03:00
945.00,Virginian Pluto,A Emotional Panorama of a Dentist And a Crocodile who must Meet a Boy in Berlin,2006,1,0,5,0.99,164,23,R,Deleted Scenes,2006-02-15 05:03:00
946.00,Virtual Spoilers,A Fateful Tale of a Database Administrator And a Squirrel who must Discover a Student in Soviet Georgia,2006,1,0,3,4.99,144,15,NC-17,"Commentaries,Deleted Scenes",2006-02-15 05:03:00
947.00,Vision Torque,A Thoughtful Documentary of a Dog And a Man who must Sink a Man in A Shark Tank,2006,1,0,5,0.99,59,17,PG-13,"Commentaries,Deleted Scenes",2006-02-15 05:03:00
948.00,Voice Peach,A Amazing Panorama of a Pioneer And a Student who must Overcome a Mad Scientist in A Manhattan Penthouse,2006,1,0,6,0.99,139,23,PG-13,"Commentaries,Behind the Scenes",2006-02-15 05:03:00
949.00,Volcano Texas,A Awe-Inspiring Yarn of a Hunter And a Feminist who must Challenge a Dentist in The Outback,2006,1,0,6,0.99,157,28,NC-17,"Trailers,Commentaries,Deleted Scenes,Behind the Scenes",2006-02-15 05:03:00
950.00,Volume House,A Boring Tale of a Dog And a Woman who must Meet a Dentist in California,2006,1,0,7,4.99,132,13,PG,Commentaries,2006-02-15 05:03:00
951.00,Voyage Legally,A Epic Tale of a Squirrel And a Hunter who must Conquer a Boy in An Abandoned Mine Shaft,2006,1,0,6,0.99,78,29,PG-13,"Commentaries,Behind the Scenes",2006-02-15 05:03:00
952.00,Wagon Jaws,A Intrepid Drama of a Moose And a Boat who must Kill a Explorer in A Manhattan Penthouse,2006,1,0,7,2.99,152,18,PG,"Deleted Scenes,Behind the Scenes",2006-02-15 05:03:00
953.00,Wait Cider,A Intrepid Epistle of a Woman And a Forensic Psychologist who must Succumb a Astronaut in A Manhattan Penthouse,2006,1,0,3,0.99,112,10,PG-13,Trailers,2006-02-15 05:03:00
954.00,Wake Jaws,A Beautiful Saga of a Feminist And a Composer who must Challenge a Moose in Berlin,2006,1,0,7,4.99,73,19,G,"Trailers,Commentaries,Deleted Scenes,Behind the Scenes",2006-02-15 05:03:00
955.00,Walls Artist,A Insightful Panorama of a Teacher And a Teacher who must Overcome a Mad Cow in An Abandoned Fun House,2006,1,0,7,4.99,135,20,PG,"Trailers,Behind the Scenes",2006-02-15 05:03:00
956.00,Wanda Chamber,A Insightful Drama of a A Shark And a Pioneer who must Find a Womanizer in The Outback,2006,1,0,7,4.99,107,24,PG-13,"Commentaries,Deleted Scenes,Behind the Scenes",2006-02-15 05:03:00
957.00,War Notting,A Boring Drama of a Teacher And a Sumo Wrestler who must Challenge a Secret Agent in The Canadian Rockies,2006,1,0,7,4.99,80,27,G,"Deleted Scenes,Behind the Scenes",2006-02-15 05:03:00
958.00,Wardrobe Phantom,A Action-Packed Display of a Mad Cow And a Astronaut who must Kill a Car in Ancient India,2006,1,0,6,2.99,178,20,G,"Trailers,Commentaries",2006-02-15 05:03:00
959.00,Warlock Werewolf,A Astounding Yarn of a Pioneer And a Crocodile who must Defeat a A Shark in The Outback,2006,1,0,6,2.99,83,11,G,"Commentaries,Behind the Scenes",2006-02-15 05:03:00
960.00,Wars Pluto,A Taut Reflection of a Teacher And a Database Administrator who must Chase a Madman in The Sahara Desert,2006,1,0,5,2.99,128,16,G,"Commentaries,Behind the Scenes",2006-02-15 05:03:00
961.00,Wash Heavenly,A Awe-Inspiring Reflection of a Cat And a Pioneer who must Escape a Hunter in Ancient China,2006,1,0,7,4.99,161,23,R,Commentaries,2006-02-15 05:03:00
962.00,Wasteland Divine,A Fanciful Story of a Database Administrator And a Womanizer who must Fight a Database Administrator in Ancient China,2006,1,0,7,2.99,85,19,PG,"Trailers,Deleted Scenes,Behind the Scenes",2006-02-15 05:03:00
963.00,Watch Tracy,A Fast-Paced Yarn of a Dog And a Frisbee who must Conquer a Hunter in Nigeria,2006,1,0,5,0.99,78,13,PG,"Trailers,Deleted Scenes,Behind the Scenes",2006-02-15 05:03:00
964.00,Waterfront Deliverance,A Unbelieveable Documentary of a Dentist And a Technical Writer who must Build a Womanizer in Nigeria,2006,1,0,4,4.99,61,18,G,Behind the Scenes,2006-02-15 05:03:00
965.00,Watership Frontier,A Emotional Yarn of a Boat And a Crocodile who must Meet a Moose in Soviet Georgia,2006,1,0,6,0.99,112,29,G,Commentaries,2006-02-15 05:03:00
966.00,Wedding Apollo,A Action-Packed Tale of a Student And a Waitress who must Conquer a Lumberjack in An Abandoned Mine Shaft,2006,1,0,3,0.99,70,15,PG,Trailers,2006-02-15 05:03:00
967.00,Weekend Personal,A Fast-Paced Documentary of a Car And a Butler who must Find a Frisbee in A Jet Boat,2006,1,0,5,2.99,134,27,R,"Trailers,Commentaries,Deleted Scenes,Behind the Scenes",2006-02-15 05:03:00
968.00,Werewolf Lola,A Fanciful Story of a Man And a Sumo Wrestler who must Outrace a Student in A Monastery,2006,1,0,6,4.99,79,20,G,"Trailers,Behind the Scenes",2006-02-15 05:03:00
969.00,West Lion,A Intrepid Drama of a Butler And a Lumberjack who must Challenge a Database Administrator in A Manhattan Penthouse,2006,1,0,4,4.99,159,30,G,Trailers,2006-02-15 05:03:00
970.00,Westward Seabiscuit,A Lacklusture Tale of a Butler And a Husband who must Face a Boy in Ancient China,2006,1,0,7,0.99,52,12,NC-17,"Commentaries,Deleted Scenes",2006-02-15 05:03:00
971.00,Whale Bikini,A Intrepid Story of a Pastry Chef And a Database Administrator who must Kill a Feminist in A MySQL Convention,2006,1,0,4,4.99,109,12,PG-13,"Commentaries,Deleted Scenes,Behind the Scenes",2006-02-15 05:03:00
972.00,Whisperer Giant,A Intrepid Story of a Dentist And a Hunter who must Confront a Monkey in Ancient Japan,2006,1,0,4,4.99,59,25,PG-13,"Trailers,Deleted Scenes",2006-02-15 05:03:00
973.00,Wife Turn,A Awe-Inspiring Epistle of a Teacher And a Feminist who must Confront a Pioneer in Ancient Japan,2006,1,0,3,4.99,183,28,NC-17,"Deleted Scenes,Behind the Scenes",2006-02-15 05:03:00
974.00,Wild Apollo,A Beautiful Story of a Monkey And a Sumo Wrestler who must Conquer a A Shark in A MySQL Convention,2006,1,0,4,0.99,181,25,R,"Trailers,Commentaries,Deleted Scenes,Behind the Scenes",2006-02-15 05:03:00
975.00,Willow Tracy,A Brilliant Panorama of a Boat And a Astronaut who must Challenge a Teacher in A Manhattan Penthouse,2006,1,0,6,2.99,137,23,R,"Trailers,Commentaries,Behind the Scenes",2006-02-15 05:03:00
976.00,Wind Phantom,A Touching Saga of a Madman And a Forensic Psychologist who must Build a Sumo Wrestler in An Abandoned Mine Shaft,2006,1,0,6,0.99,111,13,R,"Commentaries,Deleted Scenes",2006-02-15 05:03:00
977.00,Window Side,A Astounding Character Study of a Womanizer And a Hunter who must Escape a Robot in A Monastery,2006,1,0,3,2.99,85,26,R,"Deleted Scenes,Behind the Scenes",2006-02-15 05:03:00
978.00,Wisdom Worker,A Unbelieveable Saga of a Forensic Psychologist And a Student who must Face a Squirrel in The First Manned Space Station,2006,1,0,3,0.99,98,13,R,"Deleted Scenes,Behind the Scenes",2006-02-15 05:03:00
979.00,Witches Panic,A Awe-Inspiring Drama of a Secret Agent And a Hunter who must Fight a Moose in Nigeria,2006,1,0,6,4.99,100,11,NC-17,"Commentaries,Behind the Scenes",2006-02-15 05:03:00
980.00,Wizard Coldblooded,A Lacklusture Display of a Robot And a Girl who must Defeat a Sumo Wrestler in A MySQL Convention,2006,1,0,4,4.99,75,13,PG,"Commentaries,Deleted Scenes,Behind the Scenes",2006-02-15 05:03:00
981.00,Wolves Desire,A Fast-Paced Drama of a Squirrel And a Robot who must Succumb a Technical Writer in A Manhattan Penthouse,2006,1,0,7,0.99,55,14,NC-17,Behind the Scenes,2006-02-15 05:03:00
982.00,Women Dorado,A Insightful Documentary of a Waitress And a Butler who must Vanquish a Composer in Australia,2006,1,0,4,0.99,126,24,R,"Deleted Scenes,Behind the Scenes",2006-02-15 05:03:00
983.00,Won Dares,A Unbelieveable Documentary of a Teacher And a Monkey who must Defeat a Explorer in A U-Boat,2006,1,0,7,2.99,105,19,PG,Behind the Scenes,2006-02-15 05:03:00
984.00,Wonderful Drop,A Boring Panorama of a Woman And a Madman who must Overcome a Butler in A U-Boat,2006,1,0,3,2.99,126,21,NC-17,Commentaries,2006-02-15 05:03:00
985.00,Wonderland Christmas,A Awe-Inspiring Character Study of a Waitress And a Car who must Pursue a Mad Scientist in The First Manned Space Station,2006,1,0,4,4.99,111,20,PG,Commentaries,2006-02-15 05:03:00
986.00,Wonka Sea,A Brilliant Saga of a Boat And a Mad Scientist who must Meet a Moose in Ancient India,2006,1,0,6,2.99,85,25,NC-17,"Trailers,Commentaries",2006-02-15 05:03:00
987.00,Words Hunter,A Action-Packed Reflection of a Composer And a Mad Scientist who must Face a Pioneer in A MySQL Convention,2006,1,0,3,2.99,116,14,PG,"Trailers,Commentaries,Deleted Scenes",2006-02-15 05:03:00
988.00,Worker Tarzan,A Action-Packed Yarn of a Secret Agent And a Technical Writer who must Battle a Sumo Wrestler in The First Manned Space Station,2006,1,0,7,2.99,139,27,R,"Trailers,Commentaries,Behind the Scenes",2006-02-15 05:03:00
989.00,Working Microcosmos,A Stunning Epistle of a Dentist And a Dog who must Kill a Madman in Ancient China,2006,1,0,4,4.99,74,23,R,"Commentaries,Deleted Scenes",2006-02-15 05:03:00
990.00,World Leathernecks,A Unbelieveable Tale of a Pioneer And a Astronaut who must Overcome a Robot in An Abandoned Amusement Park,2006,1,0,3,0.99,171,14,PG-13,"Trailers,Behind the Scenes",2006-02-15 05:03:00
991.00,Worst Banger,A Thrilling Drama of a Madman And a Dentist who must Conquer a Boy in The Outback,2006,1,0,4,2.99,185,27,PG,"Deleted Scenes,Behind the Scenes",2006-02-15 05:03:00
992.00,Wrath Mile,A Intrepid Reflection of a Technical Writer And a Hunter who must Defeat a Sumo Wrestler in A Monastery,2006,1,0,5,0.99,176,18,NC-17,"Trailers,Commentaries",2006-02-15 05:03:00
993.00,Wrong Behavior,A Emotional Saga of a Crocodile And a Sumo Wrestler who must Discover a Mad Cow in New Orleans,2006,1,0,6,2.99,178,11,PG-13,"Trailers,Behind the Scenes",2006-02-15 05:03:00
994.00,Wyoming Storm,A Awe-Inspiring Panorama of a Robot And a Boat who must Overcome a Feminist in A U-Boat,2006,1,0,6,4.99,100,30,PG-13,Deleted Scenes,2006-02-15 05:03:00
995.00,Yentl Idaho,A Amazing Display of a Robot And a Astronaut who must Fight a Womanizer in Berlin,2006,1,0,5,4.99,86,12,R,"Trailers,Commentaries,Deleted Scenes",2006-02-15 05:03:00
996.00,Young Language,A Unbelieveable Yarn of a Boat And a Database Administrator who must Meet a Boy in The First Manned Space Station,2006,1,0,6,0.99,183,10,G,"Trailers,Behind the Scenes",2006-02-15 05:03:00
997.00,Youth Kick,A Touching Drama of a Teacher And a Cat who must Challenge a Technical Writer in A U-Boat,2006,1,0,4,0.99,179,15,NC-17,"Trailers,Behind the Scenes",2006-02-15 05:03:00
998.00,Zhivago Core,A Fateful Yarn of a Composer And a Man who must Face a Boy in The Canadian Rockies,2006,1,0,6,0.99,105,11,NC-17,Deleted Scenes,2006-02-15 05:03:00
999.00,Zoolander Fiction,A Fateful Reflection of a Waitress And a Boat who must Discover a Sumo Wrestler in Ancient China,2006,1,0,5,2.99,101,29,R,"Trailers,Deleted Scenes",2006-02-15 05:03:00
1000.00,Zorro Ark,A Intrepid Panorama of a Mad Scientist And a Boy who must Redeem a Boy in A Monastery,2006,1,0,3,4.99,50,19,NC-17,"Trailers,Commentaries,Behind the Scenes",2006-02-15 05:03:00
